{"stats":{"minecraft:killed":{"minecraft:cave_spider":1,"creeperoverhaul:spruce_creeper":1,"minecraft:skeleton":2,"minecraft:zombie":1,"minecraft:cow":2},"minecraft:mined":{"create:zinc_ore":48,"minecraft:dark_oak_leaves":11,"minecraft:jungle_leaves":1,"minecraft:dark_oak_log":19,"minecraft:crafting_table":2,"minecraft:grass_block":7,"realmrpg_skeletons:basic_skeleton":1,"minecraft:jungle_log":11,"supplementaries:sack":3,"minecraft:copper_ore":2,"minecraft:lapis_ore":6,"minecraft:diorite":6,"rftoolsbase:dimensionalshard_overworld":2,"minecraft:hay_block":9,"regions_unexplored:hyssop":1,"ae2:flawless_budding_quartz":1,"regions_unexplored:sandy_tall_grass":1,"forbidden_arcanus:xpetrified_ore":2,"minecraft:iron_ore":28,"minecraft:andesite":8,"ae2:mysterious_cube":1,"minecraft:grass":2,"ae2:quartz_block":2,"minecraft:coal_ore":41,"minecraft:vine":1,"minecraft:dirt":21,"powah:uraninite_ore_poor":3,"ae2:sky_stone_block":26,"minecraft:stone":74,"minecraft:oak_leaves":1,"pots_and_mimics:treasure_pot":3,"minecraft:deepslate":9},"minecraft:picked_up":{"minecraft:wooden_axe":1,"minecraft:crafting_table":2,"minecraft:jungle_log":11,"minecraft:andesite":3,"minecraft:leather":5,"minecraft:potato":3,"minecraft:enchanted_book":1,"create:raw_zinc":48,"enderio:broken_spawner":2,"minecraft:gunpowder":1,"minecraft:lapis_lazuli":35,"forbidden_arcanus:xpetrified_orb":2,"minecraft:string":4,"minecraft:dirt":18,"minecraft:lantern":1,"minecraft:raw_copper":10,"rftoolsbase:dimensionalshard":8,"minecraft:bone":6,"minecraft:beef":3,"minecraft:jungle_sapling":1,"ae2:flawed_budding_quartz":1,"minecraft:dark_oak_sapling":1,"minecraft:stick":2,"minecraft:raw_iron":30,"supplementaries:sack":3,"cyclic:boomerang_carry":1,"powah:uraninite_raw":3,"minecraft:diorite":1,"minecraft:trident":1,"minecraft:spruce_log":1,"ae2:quartz_block":2,"minecraft:dark_oak_log":19,"ae2:sky_stone_block":19,"regions_unexplored:hyssop":1,"minecraft:arrow":5,"minecraft:hay_block":9,"ae2:engineering_processor_press":1,"minecraft:bread":3,"forbidden_arcanus:spawner_scrap":1,"minecraft:coal":41,"minecraft:cobblestone":70},"minecraft:used":{"supplementaries:sack":3,"minecraft:stone_sword":2,"minecraft:leather_boots":1,"minecraft:cookie":1,"minecraft:dirt":7,"minecraft:crafting_table":3,"enderio:dark_steel_sword":29,"minecraft:wooden_axe":25,"minecraft:diamond_pickaxe":264,"minecraft:lantern":2,"minecraft:dark_oak_log":1,"minecraft:bread":11,"minecraft:map":1,"minecraft:jungle_log":2,"minecraft:enchanted_book":1,"minecraft:cobblestone":33,"minecraft:furnace":2},"minecraft:custom":{"minecraft:interact_with_furnace":16,"lootr:looted_stat":16,"minecraft:mob_kills":8,"minecraft:interact_with_crafting_table":17,"minecraft:damage_dealt_resisted":0,"minecraft:leave_game":1,"minecraft:time_since_death":72807,"minecraft:sleep_in_bed":2,"minecraft:climb_one_cm":5297,"minecraft:time_since_rest":15304,"minecraft:sprint_one_cm":78560,"minecraft:damage_taken":694,"minecraft:walk_one_cm":188281,"minecraft:drop":20,"minecraft:damage_dealt":1596,"minecraft:swim_one_cm":20471,"minecraft:talked_to_villager":8,"minecraft:fly_one_cm":28709,"minecraft:open_chest":9,"minecraft:crouch_one_cm":1094,"minecraft:play_time":72807,"minecraft:sneak_time":293,"minecraft:walk_under_water_one_cm":16856,"minecraft:boat_one_cm":167793,"minecraft:jump":324,"minecraft:walk_on_water_one_cm":36780,"minecraft:total_world_time":72807,"minecraft:fall_one_cm":11418},"minecraft:crafted":{"minecraft:crafting_table":1,"minecraft:iron_helmet":1,"minecraft:furnace":2,"minecraft:bread":27,"minecraft:air":0,"minecraft:jungle_planks":36,"minecraft:iron_boots":1,"minecraft:iron_chestplate":1,"minecraft:diamond_pickaxe":1,"minecraft:stick":12,"minecraft:iron_ingot":58,"minecraft:wooden_axe":1,"minecraft:dark_oak_planks":36,"create:zinc_ingot":48,"minecraft:wheat":81},"minecraft:dropped":{"minecraft:dark_oak_sapling":1,"minecraft:cobblestone":1,"minecraft:jungle_planks":16,"regions_unexplored:hyssop":1,"minecraft:dirt":11,"minecraft:trident":1,"minecraft:gunpowder":1,"minecraft:diorite":1,"minecraft:andesite":3,"minecraft:wooden_axe":1,"cyclic:boomerang_carry":1,"forbidden_arcanus:spawner_scrap":1,"minecraft:jungle_sapling":1,"minecraft:beef":3,"minecraft:string":4,"minecraft:bone":6}},"DataVersion":3465}