{"stats":{"minecraft:broken":{"minecraft:iron_pickaxe":1},"minecraft:killed":{"minecraft:witch":1,"minecraft:spider":4,"minecraft:skeleton":8,"minecraft:silverfish":2,"rats:rat":1,"minecraft:zombie":3},"minecraft:mined":{"create:zinc_ore":2,"realmrpg_skeletons:waterdrop_skeleton":2,"minecraft:jungle_leaves":2,"minecraft:granite":2,"minecraft:grass_block":5,"occultism:silver_ore_deepslate":4,"minecraft:spawner":1,"minecraft:hay_block":9,"forbidden_arcanus:arcane_crystal_ore":2,"minecraft:furnace":1,"suppsquared:iron_plaque":1,"minecraft:iron_ore":56,"minecraft:andesite":10,"minecraft:deepslate_lapis_ore":2,"ars_nouveau:red_archwood_log":4,"minecraft:deepslate_iron_ore":9,"minecraft:vine":1,"powah:uraninite_ore_poor":4,"minecraft:stone":74,"habitat:rafflesia":2,"minecraft:potted_allium":1,"regions_unexplored:blackwood_planks":3,"supplementaries:book_pile":1,"ars_nouveau:light_block":1,"powah:uraninite_ore":3,"minecraft:crafting_table":1,"supplementaries:sack":3,"regions_unexplored:blackwood_log":18,"minecraft:lapis_ore":3,"realmrpg_skeletons:quicksand_skeleton":1,"minecraft:grindstone":1,"minecraft:sugar_cane":2,"ars_elemental:yellow_archwood_log":4,"minecraft:diorite":11,"minecraft:blue_bed":1,"rftoolsbase:dimensionalshard_overworld":1,"minecraft:purple_bed":1,"ars_nouveau:blue_archwood_log":4,"forbidden_arcanus:xpetrified_ore":2,"realmrpg_skeletons:acrobat_skeleton":1,"regions_unexplored:sandy_grass":1,"minecraft:grass":1,"minecraft:coal_ore":27,"minecraft:dirt":41,"regions_unexplored:blackwood_leaves":3,"minecraft:oak_leaves":25,"pots_and_mimics:treasure_pot":1,"minecraft:deepslate":34},"minecraft:picked_up":{"minecraft:wooden_axe":1,"ars_nouveau:red_archwood_log":4,"minecraft:crafting_table":2,"minecraft:allium":1,"minecraft:wheat":1,"minecraft:chainmail_boots":1,"minecraft:flower_pot":1,"minecraft:stone_brick_wall":5,"occultism:raw_silver":3,"minecraft:enchanted_book":1,"ae2:silicon_press":1,"forbidden_arcanus:xpetrified_orb":2,"minecraft:string":1,"minecraft:item_frame":4,"minecraft:sea_pickle":2,"minecraft:cobbled_deepslate":31,"minecraft:spruce_planks":2,"lexchange:balance_shard":1,"minecraft:spruce_slab":11,"minecraft:sugar_cane":4,"regions_unexplored:blackwood_log":18,"minecraft:furnace":1,"regions_unexplored:blackwood_planks":3,"minecraft:stick":2,"minecraft:raw_iron":66,"apotheosis:gem":5,"minecraft:spruce_stairs":1,"ars_nouveau:blue_archwood_log":4,"minecraft:cookie":3,"minecraft:diorite":22,"minecraft:trident":1,"ae2:sky_stone_block":7,"minecraft:rotten_flesh":1,"minecraft:arrow":7,"minecraft:hay_block":9,"ae2:calculation_processor_press":1,"minecraft:cobblestone":81,"minecraft:leather_chestplate":1,"minecraft:water_bucket":2,"minecraft:andesite":14,"minecraft:potato":1,"create:raw_zinc":2,"minecraft:cobblestone_wall":18,"rats:raw_rat":1,"minecraft:lapis_lazuli":34,"minecraft:blue_bed":1,"minecraft:dirt":43,"minecraft:lantern":1,"minecraft:bone":14,"rftoolsbase:dimensionalshard":4,"minecraft:stone_bricks":19,"minecraft:wheat_seeds":2,"minecraft:raw_gold":1,"minecraft:grindstone":1,"ae2:logic_processor_press":1,"twigs:twig":4,"rats:archeologist_hat":2,"minecraft:book":18,"suppsquared:iron_plaque":1,"supplementaries:sack":3,"habitat:rafflesia":2,"minecraft:jungle_planks":16,"powah:uraninite_raw":10,"ars_elemental:yellow_archwood_log":4,"minecraft:spider_eye":1,"forbidden_arcanus:arcane_crystal":2,"minecraft:purple_bed":1,"minecraft:granite":2,"minecraft:spruce_sign":1,"ae2:engineering_processor_press":1,"minecraft:oak_sapling":2,"minecraft:coal":27},"minecraft:used":{"minecraft:trident":8,"minecraft:shield":2,"minecraft:iron_sword":86,"suppsquared:iron_plaque":7,"minecraft:torch":2,"minecraft:dirt":15,"minecraft:anvil":1,"regions_unexplored:blackwood_boat":1,"minecraft:wooden_axe":1,"minecraft:iron_helmet":1,"habitat:rafflesia":2,"minecraft:furnace":2,"supplementaries:sack":3,"minecraft:stone_pickaxe":2,"minecraft:wooden_pickaxe":16,"minecraft:blue_bed":1,"minecraft:crafting_table":3,"regions_unexplored:blackwood_trapdoor":1,"minecraft:bread":24,"minecraft:iron_pickaxe":249,"regions_unexplored:blackwood_planks":44,"minecraft:enchanted_book":2,"minecraft:cobblestone":42,"minecraft:purple_bed":1,"minecraft:chainmail_boots":1,"minecraft:grindstone":1},"minecraft:custom":{"lootr:looted_stat":14,"minecraft:mob_kills":20,"minecraft:interact_with_crafting_table":15,"minecraft:damage_dealt_resisted":0,"minecraft:leave_game":1,"minecraft:time_since_death":90155,"minecraft:climb_one_cm":6538,"minecraft:damage_resisted":0,"minecraft:sprint_one_cm":180205,"minecraft:walk_one_cm":199255,"minecraft:damage_blocked_by_shield":60,"minecraft:drop":35,"minecraft:play_time":90155,"minecraft:sneak_time":2968,"minecraft:walk_under_water_one_cm":27837,"minecraft:boat_one_cm":21338,"minecraft:jump":754,"minecraft:walk_on_water_one_cm":54521,"minecraft:total_world_time":90155,"minecraft:interact_with_furnace":14,"minecraft:sleep_in_bed":1,"minecraft:time_since_rest":15031,"minecraft:damage_taken":1645,"minecraft:damage_dealt":3433,"minecraft:swim_one_cm":81772,"minecraft:fly_one_cm":70569,"minecraft:open_chest":11,"minecraft:crouch_one_cm":7218,"minecraft:fall_one_cm":13801},"minecraft:crafted":{"regions_unexplored:blackwood_planks":72,"minecraft:furnace":1,"minecraft:iron_boots":1,"regions_unexplored:blackwood_trapdoor":2,"minecraft:stone_pickaxe":1,"minecraft:wheat":81,"minecraft:crafting_table":2,"minecraft:iron_helmet":1,"minecraft:wooden_pickaxe":2,"minecraft:iron_sword":1,"regions_unexplored:blackwood_boat":1,"suppsquared:iron_plaque":6,"minecraft:bread":21,"minecraft:air":0,"minecraft:iron_chestplate":1,"minecraft:shield":1,"minecraft:stick":12,"minecraft:iron_pickaxe":2,"minecraft:iron_ingot":39,"minecraft:stone_sword":1,"minecraft:iron_leggings":1,"minecraft:torch":4},"minecraft:dropped":{"minecraft:spruce_sign":1,"minecraft:wheat_seeds":2,"rats:archeologist_hat":1,"minecraft:cobblestone":7,"minecraft:lantern":1,"minecraft:granite":1,"minecraft:tropical_fish":2,"minecraft:cod":5,"minecraft:stick":1,"minecraft:diorite":22,"minecraft:torch":2,"minecraft:wooden_axe":1,"minecraft:string":4,"create:raw_zinc":2,"minecraft:bone":3,"ae2:engineering_processor_press":1,"minecraft:stone_sword":1,"minecraft:wheat":19,"minecraft:rotten_flesh":1,"minecraft:potato":3,"minecraft:flower_pot":1,"minecraft:sea_pickle":2,"minecraft:allium":1,"minecraft:charcoal":1,"minecraft:andesite":14,"minecraft:spider_eye":1,"minecraft:arrow":1,"regions_unexplored:blackwood_trapdoor":1}},"DataVersion":3465}