{"stats":{"minecraft:broken":{"minecraft:stone_axe":1,"minecraft:wooden_pickaxe":1},"minecraft:killed":{"minecraft:spider":2,"creeperoverhaul:bamboo_creeper":1,"minecraft:skeleton":4,"minecraft:zombie":6,"minecraft:cow":1},"minecraft:mined":{"regions_unexplored:blackwood_planks":31,"minecraft:jungle_leaves":8,"minecraft:dark_oak_log":34,"minecraft:crafting_table":5,"minecraft:chest":2,"regions_unexplored:blackwood_log":6,"twigs:twig":1,"supplementaries:sack":2,"minecraft:tall_grass":2,"minecraft:sugar_cane":2,"minecraft:iron_ore":1,"minecraft:grass":3,"minecraft:oak_log":63,"minecraft:coal_ore":20,"regions_unexplored:dark_oak_shrub":1,"minecraft:vine":10,"minecraft:dirt":7,"regions_unexplored:medium_grass":3,"occultism:silver_ore":1,"minecraft:bamboo":3,"minecraft:stone":74,"habitat:rafflesia":1,"minecraft:oak_leaves":41,"minecraft:fern":1},"minecraft:picked_up":{"minecraft:wooden_axe":1,"occultism:datura_seeds":2,"minecraft:crafting_table":5,"minecraft:dark_oak_boat":2,"minecraft:wooden_pickaxe":2,"occultism:raw_silver":1,"minecraft:oak_log":59,"minecraft:dirt":7,"minecraft:string":2,"minecraft:bone":8,"minecraft:apple":1,"minecraft:kelp":11,"minecraft:bow":1,"minecraft:wheat_seeds":1,"ftbquests:book":1,"minecraft:stone_pickaxe":1,"minecraft:bamboo":1,"twigs:twig":9,"minecraft:sugar_cane":7,"minecraft:chest":2,"regions_unexplored:blackwood_log":6,"regions_unexplored:blackwood_planks":31,"minecraft:raw_iron":1,"supplementaries:sack":2,"minecraft:dark_oak_log":34,"minecraft:arrow":6,"minecraft:rotten_flesh":3,"regions_unexplored:dark_oak_shrub":2,"minecraft:oak_sapling":5,"minecraft:coal":20,"minecraft:cobblestone":73},"minecraft:used":{"supplementaries:sack":2,"minecraft:stone_sword":35,"minecraft:stone_pickaxe":95,"minecraft:oak_planks":75,"minecraft:ladder":5,"minecraft:wooden_pickaxe":34,"minecraft:chest":4,"minecraft:shield":2,"minecraft:dirt":1,"minecraft:crafting_table":5,"regions_unexplored:blackwood_boat":1,"minecraft:oak_log":5,"minecraft:bread":8,"minecraft:stone_axe":182,"minecraft:dark_oak_boat":2},"minecraft:custom":{"lootr:looted_stat":5,"minecraft:interact_with_furnace":2,"minecraft:mob_kills":14,"minecraft:interact_with_crafting_table":16,"minecraft:damage_dealt_resisted":0,"minecraft:leave_game":1,"minecraft:time_since_death":45525,"minecraft:climb_one_cm":5714,"minecraft:time_since_rest":45549,"minecraft:sprint_one_cm":61017,"minecraft:damage_taken":1296,"minecraft:walk_one_cm":105617,"minecraft:damage_blocked_by_shield":40,"minecraft:drop":3,"minecraft:damage_dealt":2295,"minecraft:swim_one_cm":20711,"minecraft:fly_one_cm":30884,"minecraft:open_chest":11,"minecraft:crouch_one_cm":6607,"minecraft:play_time":59170,"minecraft:deaths":2,"minecraft:sneak_time":2134,"minecraft:walk_under_water_one_cm":1212,"minecraft:jump":297,"minecraft:walk_on_water_one_cm":9505,"minecraft:total_world_time":59170,"minecraft:fall_one_cm":9409},"minecraft:crafted":{"regions_unexplored:blackwood_planks":24,"minecraft:oak_planks":216,"minecraft:dark_oak_boat":1,"minecraft:crafting_table":1,"minecraft:wooden_pickaxe":1,"regions_unexplored:blackwood_boat":1,"minecraft:stone_axe":2,"minecraft:ladder":6,"minecraft:stick":48,"minecraft:stone_pickaxe":1,"minecraft:stone_sword":1,"minecraft:chest":2,"minecraft:dark_oak_planks":128},"minecraft:killed_by":{"minecraft:skeleton":2},"minecraft:dropped":{"minecraft:rotten_flesh":1,"minecraft:granite":1,"minecraft:wooden_axe":1}},"DataVersion":3465}