{"stats":{"minecraft:killed":{"minecraft:cave_spider":1,"creeperoverhaul:spruce_creeper":1,"minecraft:skeleton":2,"minecraft:zombie":1,"minecraft:cow":2},"minecraft:mined":{"create:zinc_ore":42,"minecraft:dark_oak_leaves":11,"minecraft:dark_oak_log":19,"minecraft:crafting_table":2,"minecraft:grass_block":6,"realmrpg_skeletons:basic_skeleton":1,"minecraft:jungle_log":11,"supplementaries:sack":2,"minecraft:copper_ore":2,"minecraft:diorite":6,"rftoolsbase:dimensionalshard_overworld":2,"minecraft:hay_block":9,"regions_unexplored:hyssop":1,"regions_unexplored:sandy_tall_grass":1,"forbidden_arcanus:xpetrified_ore":2,"minecraft:iron_ore":24,"minecraft:andesite":7,"minecraft:coal_ore":41,"minecraft:dirt":14,"powah:uraninite_ore_poor":3,"minecraft:stone":23,"pots_and_mimics:treasure_pot":3,"minecraft:deepslate":9},"minecraft:picked_up":{"minecraft:wooden_axe":1,"minecraft:crafting_table":2,"minecraft:jungle_log":11,"minecraft:andesite":3,"minecraft:leather":5,"minecraft:potato":3,"minecraft:enchanted_book":1,"create:raw_zinc":42,"enderio:broken_spawner":2,"minecraft:gunpowder":1,"forbidden_arcanus:xpetrified_orb":2,"minecraft:string":4,"minecraft:dirt":18,"minecraft:lantern":1,"minecraft:raw_copper":10,"rftoolsbase:dimensionalshard":8,"minecraft:bone":6,"minecraft:beef":3,"minecraft:jungle_sapling":1,"minecraft:dark_oak_sapling":1,"minecraft:stick":2,"minecraft:raw_iron":27,"supplementaries:sack":2,"cyclic:boomerang_carry":1,"powah:uraninite_raw":3,"minecraft:diorite":1,"minecraft:trident":1,"minecraft:spruce_log":1,"minecraft:dark_oak_log":19,"regions_unexplored:hyssop":1,"minecraft:arrow":5,"minecraft:hay_block":9,"minecraft:bread":3,"forbidden_arcanus:spawner_scrap":1,"minecraft:coal":41,"minecraft:cobblestone":24},"minecraft:used":{"supplementaries:sack":2,"minecraft:stone_sword":2,"minecraft:leather_boots":1,"minecraft:cookie":1,"minecraft:dirt":7,"minecraft:crafting_table":3,"enderio:dark_steel_sword":29,"minecraft:wooden_axe":25,"minecraft:diamond_pickaxe":163,"minecraft:dark_oak_log":1,"minecraft:bread":8,"minecraft:map":1,"minecraft:jungle_log":2,"minecraft:cobblestone":6},"minecraft:custom":{"lootr:looted_stat":16,"minecraft:mob_kills":8,"minecraft:interact_with_crafting_table":5,"minecraft:damage_dealt_resisted":0,"minecraft:time_since_death":44039,"minecraft:climb_one_cm":128,"minecraft:time_since_rest":44039,"minecraft:sprint_one_cm":68151,"minecraft:damage_taken":656,"minecraft:walk_one_cm":130594,"minecraft:drop":19,"minecraft:damage_dealt":1596,"minecraft:swim_one_cm":16936,"minecraft:talked_to_villager":8,"minecraft:fly_one_cm":23220,"minecraft:crouch_one_cm":1085,"minecraft:play_time":44039,"minecraft:sneak_time":267,"minecraft:walk_under_water_one_cm":15304,"minecraft:boat_one_cm":167793,"minecraft:jump":216,"minecraft:walk_on_water_one_cm":33240,"minecraft:total_world_time":44039,"minecraft:fall_one_cm":8982},"minecraft:crafted":{"minecraft:crafting_table":1,"minecraft:furnace":1,"minecraft:bread":27,"minecraft:jungle_planks":36,"minecraft:diamond_pickaxe":1,"minecraft:stick":12,"minecraft:wooden_axe":1,"minecraft:dark_oak_planks":36,"minecraft:wheat":81},"minecraft:dropped":{"minecraft:dark_oak_sapling":1,"minecraft:cobblestone":1,"minecraft:jungle_planks":16,"regions_unexplored:hyssop":1,"minecraft:dirt":11,"minecraft:trident":1,"minecraft:gunpowder":1,"minecraft:diorite":1,"minecraft:andesite":3,"minecraft:wooden_axe":1,"cyclic:boomerang_carry":1,"forbidden_arcanus:spawner_scrap":1,"minecraft:jungle_sapling":1,"minecraft:beef":3,"minecraft:string":4}},"DataVersion":3465}