{"stats":{"minecraft:killed":{"minecraft:witch":1,"minecraft:spider":4,"rats:rat":1,"minecraft:skeleton":8,"minecraft:zombie":3},"minecraft:mined":{"create:zinc_ore":2,"realmrpg_skeletons:waterdrop_skeleton":2,"regions_unexplored:blackwood_planks":3,"powah:uraninite_ore":3,"minecraft:crafting_table":1,"minecraft:granite":2,"minecraft:grass_block":5,"occultism:silver_ore_deepslate":3,"supplementaries:sack":1,"regions_unexplored:blackwood_log":18,"minecraft:lapis_ore":3,"minecraft:diorite":11,"minecraft:grindstone":1,"minecraft:sugar_cane":2,"minecraft:blue_bed":1,"forbidden_arcanus:arcane_crystal_ore":2,"minecraft:spawner":1,"rftoolsbase:dimensionalshard_overworld":1,"minecraft:hay_block":9,"minecraft:purple_bed":1,"minecraft:furnace":1,"forbidden_arcanus:xpetrified_ore":2,"minecraft:iron_ore":46,"minecraft:andesite":10,"realmrpg_skeletons:acrobat_skeleton":1,"minecraft:deepslate_lapis_ore":2,"regions_unexplored:sandy_grass":1,"minecraft:grass":1,"minecraft:coal_ore":27,"minecraft:deepslate_iron_ore":9,"minecraft:vine":1,"minecraft:dirt":41,"powah:uraninite_ore_poor":4,"regions_unexplored:blackwood_leaves":3,"minecraft:stone":72,"habitat:rafflesia":2,"pots_and_mimics:treasure_pot":1,"minecraft:oak_leaves":11,"minecraft:deepslate":33,"minecraft:potted_allium":1},"minecraft:picked_up":{"minecraft:wooden_axe":1,"minecraft:leather_chestplate":1,"minecraft:allium":1,"minecraft:crafting_table":1,"minecraft:chainmail_boots":1,"minecraft:flower_pot":1,"minecraft:water_bucket":2,"minecraft:andesite":12,"minecraft:potato":1,"occultism:raw_silver":1,"create:raw_zinc":2,"minecraft:lapis_lazuli":34,"rats:raw_rat":1,"forbidden_arcanus:xpetrified_orb":2,"minecraft:string":1,"minecraft:dirt":43,"minecraft:blue_bed":1,"minecraft:lantern":1,"rftoolsbase:dimensionalshard":4,"minecraft:bone":13,"minecraft:sea_pickle":2,"minecraft:cobbled_deepslate":30,"minecraft:wheat_seeds":2,"minecraft:raw_gold":1,"lexchange:balance_shard":1,"minecraft:grindstone":1,"twigs:twig":2,"minecraft:sugar_cane":4,"rats:archeologist_hat":1,"regions_unexplored:blackwood_log":18,"minecraft:furnace":1,"apotheosis:gem":1,"regions_unexplored:blackwood_planks":3,"minecraft:raw_iron":55,"minecraft:stick":2,"supplementaries:sack":1,"habitat:rafflesia":2,"minecraft:jungle_planks":16,"powah:uraninite_raw":10,"minecraft:cookie":3,"minecraft:diorite":11,"minecraft:trident":1,"minecraft:spider_eye":1,"forbidden_arcanus:arcane_crystal":2,"minecraft:arrow":7,"minecraft:purple_bed":1,"minecraft:rotten_flesh":1,"minecraft:hay_block":9,"minecraft:granite":2,"minecraft:spruce_sign":1,"minecraft:coal":27,"minecraft:cobblestone":74},"minecraft:used":{"supplementaries:sack":2,"minecraft:stone_pickaxe":2,"minecraft:wooden_pickaxe":16,"minecraft:iron_sword":81,"minecraft:torch":2,"minecraft:dirt":15,"minecraft:crafting_table":3,"regions_unexplored:blackwood_boat":1,"regions_unexplored:blackwood_trapdoor":1,"minecraft:wooden_axe":1,"minecraft:bread":18,"minecraft:iron_pickaxe":233,"regions_unexplored:blackwood_planks":44,"habitat:rafflesia":2,"minecraft:cobblestone":8,"minecraft:chainmail_boots":1,"minecraft:furnace":2},"minecraft:custom":{"lootr:looted_stat":13,"minecraft:interact_with_furnace":6,"minecraft:mob_kills":18,"minecraft:interact_with_crafting_table":9,"minecraft:damage_dealt_resisted":0,"minecraft:time_since_death":61660,"minecraft:climb_one_cm":3456,"minecraft:damage_resisted":0,"minecraft:time_since_rest":61660,"minecraft:sprint_one_cm":79448,"minecraft:damage_taken":1315,"minecraft:walk_one_cm":133814,"minecraft:drop":29,"minecraft:damage_dealt":3293,"minecraft:swim_one_cm":49992,"minecraft:fly_one_cm":27047,"minecraft:open_chest":3,"minecraft:crouch_one_cm":6411,"minecraft:play_time":61660,"minecraft:sneak_time":2644,"minecraft:walk_under_water_one_cm":21007,"minecraft:boat_one_cm":21338,"minecraft:jump":365,"minecraft:walk_on_water_one_cm":42928,"minecraft:total_world_time":61660,"minecraft:fall_one_cm":6656},"minecraft:crafted":{"regions_unexplored:blackwood_planks":72,"minecraft:crafting_table":2,"minecraft:wooden_pickaxe":2,"minecraft:iron_sword":1,"minecraft:furnace":1,"regions_unexplored:blackwood_boat":1,"minecraft:bread":21,"minecraft:air":0,"regions_unexplored:blackwood_trapdoor":2,"minecraft:shield":1,"minecraft:stick":8,"minecraft:iron_ingot":2,"minecraft:stone_pickaxe":1,"minecraft:stone_sword":1,"minecraft:torch":4,"minecraft:wheat":81},"minecraft:dropped":{"minecraft:spruce_sign":1,"minecraft:wheat_seeds":2,"minecraft:stone_sword":1,"minecraft:wheat":18,"minecraft:rotten_flesh":1,"minecraft:cobblestone":7,"minecraft:lantern":1,"minecraft:granite":1,"minecraft:tropical_fish":2,"minecraft:cod":5,"minecraft:stick":1,"minecraft:potato":3,"minecraft:flower_pot":1,"minecraft:sea_pickle":2,"minecraft:allium":1,"minecraft:torch":2,"minecraft:andesite":12,"minecraft:wooden_axe":1,"minecraft:charcoal":1,"minecraft:spider_eye":1,"minecraft:arrow":1,"minecraft:string":4,"regions_unexplored:blackwood_trapdoor":1,"create:raw_zinc":2,"minecraft:bone":3}},"DataVersion":3465}