{
  "minecraft:recipes/decorations/ladder": {
    "criteria": {
      "has_stick": "2023-11-08 21:23:52 -0500"
    },
    "done": true
  },
  "regions_unexplored:recipes/transportation/maple_boat": {
    "criteria": {
      "in_water": "2023-11-08 21:29:42 -0500"
    },
    "done": true
  },
  "regions_unexplored:recipes/transportation/baobab_chest_boat": {
    "criteria": {
      "has_boat": "2023-11-08 21:41:25 -0500"
    },
    "done": true
  },
  "rats:recipes/misc/hammocks/rat_hammock_magenta": {
    "criteria": {
      "has_string": "2023-11-08 21:54:37 -0500"
    },
    "done": true
  },
  "ratlantis:root": {
    "criteria": {
      "tick": "2023-11-08 21:21:29 -0500"
    },
    "done": true
  },
  "regions_unexplored:recipes/misc/dark_oak_sapling_from_dark_oak_shrub": {
    "criteria": {
      "has_dark_oak_shrub": "2023-11-08 21:27:56 -0500"
    },
    "done": true
  },
  "create:recipes/building_blocks/granite_from_stone_types_granite_stonecutting": {
    "criteria": {
      "has_stone_types_granite": "2023-11-08 21:41:01 -0500"
    },
    "done": true
  },
  "deeperdarker:recipes/transportation/echo_boat": {
    "criteria": {
      "in_water": "2023-11-08 21:29:42 -0500"
    },
    "done": true
  },
  "nethersdelight:recipes/tools/golden_machete": {
    "criteria": {
      "has_gold_ingot": "2023-11-08 21:54:35 -0500"
    },
    "done": true
  },
  "aether:recipes/decorations/skyroot_loom": {
    "criteria": {
      "has_string": "2023-11-08 21:54:37 -0500"
    },
    "done": true
  },
  "beautify:rope": {
    "criteria": {
      "requirement": "2023-11-08 21:54:37 -0500"
    },
    "done": true
  },
  "additionallanterns:recipes/misc/gold_chain": {
    "criteria": {
      "recipe_condition": "2023-11-08 21:54:35 -0500"
    },
    "done": true
  },
  "create:recipes/building_blocks/cut_granite_brick_slab_from_stone_types_granite_stonecutting": {
    "criteria": {
      "has_stone_types_granite": "2023-11-08 21:41:01 -0500"
    },
    "done": true
  },
  "create:recipes/building_blocks/dark_oak_window": {
    "criteria": {
      "has_ingredient": "2023-11-08 21:26:30 -0500"
    },
    "done": true
  },
  "aquaculture:recipes/aquaculture/heavy_hook": {
    "criteria": {
      "has_items": "2023-11-08 21:21:29 -0500"
    },
    "done": true
  },
  "utilitix:recipes/misc/advanced_brewery": {
    "criteria": {
      "criterion3": "2023-11-08 21:54:35 -0500"
    },
    "done": true
  },
  "minecraft:recipes/building_blocks/raw_iron_block": {
    "criteria": {
      "has_raw_iron": "2023-11-08 21:32:08 -0500"
    },
    "done": true
  },
  "biomesoplenty:recipes/transportation/willow_boat": {
    "criteria": {
      "in_water": "2023-11-08 21:29:42 -0500"
    },
    "done": true
  },
  "xnet:recipes/xnet/advanced_connector_blue_dye": {
    "criteria": {
      "chest": "2023-11-08 21:35:02 -0500"
    },
    "done": true
  },
  "handcrafted:recipes/misc/dark_oak_side_table": {
    "criteria": {
      "has_dark_oak_side_table": "2023-11-08 21:26:30 -0500"
    },
    "done": true
  },
  "aether:recipes/transportation/skyroot_boat": {
    "criteria": {
      "in_water": "2023-11-08 21:29:42 -0500"
    },
    "done": true
  },
  "minecraft:recipes/misc/gold_nugget": {
    "criteria": {
      "has_gold_ingot": "2023-11-08 21:54:35 -0500"
    },
    "done": true
  },
  "supplementaries:recipes/flags/flag_magenta": {
    "criteria": {
      "has_stick": "2023-11-08 21:23:52 -0500"
    },
    "done": true
  },
  "constructionwand:recipes/tools/stone_wand": {
    "criteria": {
      "has_item": "2023-11-08 21:29:50 -0500"
    },
    "done": true
  },
  "minecraft:recipes/tools/golden_shovel": {
    "criteria": {
      "has_gold_ingot": "2023-11-08 21:54:35 -0500"
    },
    "done": true
  },
  "regions_unexplored:recipes/transportation/larch_chest_boat": {
    "criteria": {
      "has_boat": "2023-11-08 21:41:25 -0500"
    },
    "done": true
  },
  "rats:recipes/food/chef/little_black_squash_balls": {
    "criteria": {
      "has_input": "2023-11-08 21:39:47 -0500"
    },
    "done": true
  },
  "aquaculture:recipes/misc/neptunium_ingot_from_neptunium_block": {
    "criteria": {
      "has_items": "2023-11-08 21:21:29 -0500"
    },
    "done": true
  },
  "minecraft:recipes/food/golden_apple": {
    "criteria": {
      "has_gold_ingot": "2023-11-08 21:54:35 -0500"
    },
    "done": true
  },
  "biomesoplenty:recipes/transportation/jacaranda_chest_boat": {
    "criteria": {
      "has_boat": "2023-11-08 21:41:25 -0500"
    },
    "done": true
  },
  "rats:recipes/misc/upgrades/strength_upgrade": {
    "criteria": {
      "has_bone": "2023-11-08 21:29:36 -0500"
    },
    "done": true
  },
  "sophisticatedstorage:recipes/misc/dark_oak_barrel": {
    "criteria": {
      "has_dark_oak_plank": "2023-11-08 21:26:30 -0500"
    },
    "done": true
  },
  "create:root": {
    "criteria": {
      "0": "2023-11-08 21:21:29 -0500"
    },
    "done": true
  },
  "minecraft:recipes/combat/golden_boots": {
    "criteria": {
      "has_gold_ingot": "2023-11-08 21:54:35 -0500"
    },
    "done": true
  },
  "minecraft:recipes/tools/wooden_axe": {
    "criteria": {
      "has_stick": "2023-11-08 21:23:52 -0500"
    },
    "done": true
  },
  "regions_unexplored:recipes/transportation/magnolia_boat": {
    "criteria": {
      "in_water": "2023-11-08 21:29:42 -0500"
    },
    "done": true
  },
  "rats:recipes/food/rat_burger": {
    "criteria": {
      "has_bread": "2023-11-08 21:21:29 -0500"
    },
    "done": true
  },
  "minecraft:recipes/building_blocks/granite_slab_from_granite_stonecutting": {
    "criteria": {
      "has_granite": "2023-11-08 21:41:01 -0500"
    },
    "done": true
  },
  "ae2wtlib:recipes/wireless_universal_terminal/upgrade_pattern_access": {
    "criteria": {
      "has_wit": "2023-11-08 21:21:29 -0500"
    },
    "done": true
  },
  "minecraft:recipes/transportation/spruce_chest_boat": {
    "criteria": {
      "has_boat": "2023-11-08 21:41:25 -0500"
    },
    "done": true
  },
  "xnet:recipes/xnet/netcable_red_dye": {
    "criteria": {
      "chest": "2023-11-08 21:35:02 -0500"
    },
    "done": true
  },
  "rats:recipes/misc/upgrades/feral_bite_upgrade": {
    "criteria": {
      "has_flesh": "2023-11-08 21:25:34 -0500"
    },
    "done": true
  },
  "rats:recipes/misc/hammocks/rat_hammock_brown": {
    "criteria": {
      "has_string": "2023-11-08 21:54:37 -0500"
    },
    "done": true
  },
  "aether:recipes/redstone/skyroot_piston": {
    "criteria": {
      "has_redstone": "2023-11-08 21:41:09 -0500"
    },
    "done": true
  },
  "regions_unexplored:recipes/building_blocks/brown_painted_planks": {
    "criteria": {
      "has_planks": "2023-11-08 21:23:25 -0500"
    },
    "done": true
  },
  "minecraft:recipes/decorations/crafting_table": {
    "criteria": {
      "unlock_right_away": "2023-11-08 21:21:29 -0500"
    },
    "done": true
  },
  "xnet:recipes/xnet/netcable_green_dye": {
    "criteria": {
      "chest": "2023-11-08 21:35:02 -0500"
    },
    "done": true
  },
  "minecraft:recipes/decorations/chest": {
    "criteria": {
      "has_lots_of_items": "2023-11-08 21:26:59 -0500"
    },
    "done": true
  },
  "supplementaries:recipes/decorations/sign_post_dark_oak": {
    "criteria": {
      "has_planks": "2023-11-08 21:26:30 -0500"
    },
    "done": true
  },
  "minecraft:recipes/misc/stick": {
    "criteria": {
      "has_planks": "2023-11-08 21:23:25 -0500"
    },
    "done": true
  },
  "xnet:recipes/xnet/connector_blue_dye": {
    "criteria": {
      "chest": "2023-11-08 21:35:02 -0500"
    },
    "done": true
  },
  "xnet:recipes/xnet/advanced_connector_red_dye": {
    "criteria": {
      "chest": "2023-11-08 21:35:02 -0500"
    },
    "done": true
  },
  "minecraft:recipes/transportation/cherry_boat": {
    "criteria": {
      "in_water": "2023-11-08 21:29:42 -0500"
    },
    "done": true
  },
  "minecraft:recipes/decorations/granite_wall_from_granite_stonecutting": {
    "criteria": {
      "has_granite": "2023-11-08 21:41:01 -0500"
    },
    "done": true
  },
  "xnet:recipes/xnet/advanced_connector_blue": {
    "criteria": {
      "chest": "2023-11-08 21:35:02 -0500"
    },
    "done": true
  },
  "minecraft:recipes/combat/golden_chestplate": {
    "criteria": {
      "has_gold_ingot": "2023-11-08 21:54:35 -0500"
    },
    "done": true
  },
  "rats:recipes/misc/rat_seed_bowl": {
    "criteria": {
      "has_seeds": "2023-11-08 21:32:47 -0500"
    },
    "done": true
  },
  "decorative_blocks:recipes/decorative_blocks.general/rocky_dirt": {
    "criteria": {
      "has_dirt": "2023-11-08 21:34:27 -0500"
    },
    "done": true
  },
  "minecraft:recipes/transportation/mangrove_chest_boat": {
    "criteria": {
      "has_boat": "2023-11-08 21:41:25 -0500"
    },
    "done": true
  },
  "minecraft:recipes/redstone/tripwire_hook": {
    "criteria": {
      "has_string": "2023-11-08 21:54:37 -0500"
    },
    "done": true
  },
  "biomesoplenty:recipes/transportation/fir_chest_boat": {
    "criteria": {
      "has_boat": "2023-11-08 21:41:25 -0500"
    },
    "done": true
  },
  "handcrafted:recipes/misc/dark_oak_fancy_bed": {
    "criteria": {
      "has_dark_oak_fancy_bed": "2023-11-08 21:26:30 -0500"
    },
    "done": true
  },
  "handcrafted:recipes/misc/dark_oak_table": {
    "criteria": {
      "has_dark_oak_table": "2023-11-08 21:26:30 -0500"
    },
    "done": true
  },
  "handcrafted:recipes/misc/oak_drawer": {
    "criteria": {
      "has_oak_drawer": "2023-11-08 22:03:39 -0500"
    },
    "done": true
  },
  "create:recipes/building_blocks/small_granite_brick_stairs_from_stone_types_granite_stonecutting": {
    "criteria": {
      "has_stone_types_granite": "2023-11-08 21:41:01 -0500"
    },
    "done": true
  },
  "rats:recipes/misc/upgrades/basic_energy_upgrade": {
    "criteria": {
      "has_redstone": "2023-11-08 21:41:09 -0500"
    },
    "done": true
  },
  "farmersdelight:recipes/cooking/baked_cod_stew": {
    "criteria": {
      "has_any_ingredient": "2023-11-08 21:41:04 -0500"
    },
    "done": true
  },
  "farmersdelight:recipes/combat/golden_knife": {
    "criteria": {
      "has_gold_ingot": "2023-11-08 21:54:35 -0500"
    },
    "done": true
  },
  "computercraft:recipes/redstone/computer_advanced": {
    "criteria": {
      "has_components": "2023-11-08 21:54:35 -0500"
    },
    "done": true
  },
  "minecraft:recipes/decorations/candle": {
    "criteria": {
      "has_string": "2023-11-08 21:54:37 -0500"
    },
    "done": true
  },
  "biomesoplenty:recipes/transportation/dead_boat": {
    "criteria": {
      "in_water": "2023-11-08 21:29:42 -0500"
    },
    "done": true
  },
  "aether_redux:recipes/transportation/glacia_chest_boat": {
    "criteria": {
      "has_boat": "2023-11-08 21:41:25 -0500"
    },
    "done": true
  },
  "biomesoplenty:recipes/transportation/magic_boat": {
    "criteria": {
      "in_water": "2023-11-08 21:29:42 -0500"
    },
    "done": true
  },
  "aether:recipes/combat/bow_repairing": {
    "criteria": {
      "has_bow": "2023-11-08 21:57:52 -0500"
    },
    "done": true
  },
  "rats:recipes/misc/hammocks/rat_hammock_gray": {
    "criteria": {
      "has_string": "2023-11-08 21:54:37 -0500"
    },
    "done": true
  },
  "aether_redux:recipes/transportation/crystal_chest_boat": {
    "criteria": {
      "has_boat": "2023-11-08 21:41:25 -0500"
    },
    "done": true
  },
  "minecraft:recipes/transportation/oak_chest_boat": {
    "criteria": {
      "has_boat": "2023-11-08 21:41:25 -0500"
    },
    "done": true
  },
  "utilitix:recipes/misc/weak_redstone_torch": {
    "criteria": {
      "criterion1": "2023-11-08 21:23:52 -0500"
    },
    "done": true
  },
  "rats:recipes/misc/upgrades/farmer_upgrade": {
    "criteria": {
      "has_seeds": "2023-11-08 21:32:47 -0500"
    },
    "done": true
  },
  "farmersdelight:recipes/cooking/apple_cider": {
    "criteria": {
      "has_apple": "2023-11-08 21:29:22 -0500"
    },
    "done": true
  },
  "minecraft:recipes/building_blocks/dark_oak_stairs": {
    "criteria": {
      "has_planks": "2023-11-08 21:26:30 -0500"
    },
    "done": true
  },
  "minecraft:recipes/building_blocks/granite_slab": {
    "criteria": {
      "has_granite": "2023-11-08 21:41:01 -0500"
    },
    "done": true
  },
  "rats:recipes/misc/upgrades/bottler_upgrade": {
    "criteria": {
      "has_string": "2023-11-08 21:54:37 -0500"
    },
    "done": true
  },
  "twigs:recipes/cobblestone_bricks/cobblestone_brick_stairs_from_cobblestone_stonecutting": {
    "criteria": {
      "has_item": "2023-11-08 21:29:50 -0500"
    },
    "done": true
  },
  "create:recipes/building_blocks/cut_granite_from_stone_types_granite_stonecutting": {
    "criteria": {
      "has_stone_types_granite": "2023-11-08 21:41:01 -0500"
    },
    "done": true
  },
  "sophisticatedstorage:recipes/misc/dark_oak_limited_barrel_2": {
    "criteria": {
      "has_dark_oak_plank": "2023-11-08 21:26:30 -0500"
    },
    "done": true
  },
  "sophisticatedstorage:recipes/misc/dark_oak_limited_barrel_1": {
    "criteria": {
      "has_dark_oak_plank": "2023-11-08 21:26:30 -0500"
    },
    "done": true
  },
  "sophisticatedstorage:recipes/misc/dark_oak_limited_barrel_4": {
    "criteria": {
      "has_dark_oak_plank": "2023-11-08 21:26:30 -0500"
    },
    "done": true
  },
  "sophisticatedstorage:recipes/misc/dark_oak_limited_barrel_3": {
    "criteria": {
      "has_dark_oak_plank": "2023-11-08 21:26:30 -0500"
    },
    "done": true
  },
  "regions_unexplored:recipes/building_blocks/cyan_painted_planks": {
    "criteria": {
      "has_planks": "2023-11-08 21:23:26 -0500"
    },
    "done": true
  },
  "supplementaries:recipes/daub_cross_brace": {
    "criteria": {
      "forge:rods/wooden": "2023-11-08 21:23:52 -0500"
    },
    "done": true
  },
  "utilitix:recipes/misc/directional_highspeed_rail": {
    "criteria": {
      "criterion1": "2023-11-08 21:23:52 -0500"
    },
    "done": true
  },
  "handcrafted:recipes/misc/oak_shelf": {
    "criteria": {
      "has_oak_shelf": "2023-11-08 22:03:39 -0500"
    },
    "done": true
  },
  "ae2:recipes/misc/network/cables/smart_fluix": {
    "criteria": {
      "has_dusts/redstone": "2023-11-08 21:41:09 -0500"
    },
    "done": true
  },
  "handcrafted:recipes/misc/bear_trophy": {
    "criteria": {
      "has_bear_trophy": "2023-11-08 21:23:26 -0500"
    },
    "done": true
  },
  "create:recipes/building_blocks/cut_granite_brick_stairs_from_stone_types_granite_stonecutting": {
    "criteria": {
      "has_stone_types_granite": "2023-11-08 21:41:01 -0500"
    },
    "done": true
  },
  "framedblocks:recipes/building_blocks/framed_cube": {
    "criteria": {
      "hasPlanks": "2023-11-08 21:23:26 -0500"
    },
    "done": true
  },
  "minecraft:recipes/redstone/dark_oak_door": {
    "criteria": {
      "has_planks": "2023-11-08 21:26:30 -0500"
    },
    "done": true
  },
  "utilitix:recipes/misc/armed_stand": {
    "criteria": {
      "criterion1": "2023-11-08 21:23:52 -0500"
    },
    "done": true
  },
  "create:recipes/building_blocks/polished_cut_granite_from_stone_types_granite_stonecutting": {
    "criteria": {
      "has_stone_types_granite": "2023-11-08 21:41:01 -0500"
    },
    "done": true
  },
  "forbidden_arcanus:recipes/tools/sanity_meter": {
    "criteria": {
      "has_ingots/gold": "2023-11-08 21:54:35 -0500"
    },
    "done": true
  },
  "aether:recipes/combat/golden_ring": {
    "criteria": {
      "has_gold_ingot": "2023-11-08 21:54:35 -0500"
    },
    "done": true
  },
  "forbidden_arcanus:recipes/misc/clibano_combustion/iron_ingot_from_clibano_combusting_raw_iron": {
    "criteria": {
      "has_item": "2023-11-08 21:32:08 -0500"
    },
    "done": true
  },
  "minecraft:recipes/building_blocks/oak_slab": {
    "criteria": {
      "has_planks": "2023-11-08 22:03:39 -0500"
    },
    "done": true
  },
  "aether:recipes/redstone/skyroot_tripwire_hook": {
    "criteria": {
      "has_string": "2023-11-08 21:54:37 -0500"
    },
    "done": true
  },
  "handcrafted:recipes/misc/granite_pillar_trim": {
    "criteria": {
      "has_granite_pillar_trim": "2023-11-08 21:41:01 -0500"
    },
    "done": true
  },
  "supplementaries:recipes/flute": {
    "criteria": {
      "has_bamboo": "2023-11-08 22:09:13 -0500"
    },
    "done": true
  },
  "utilitix:recipes/misc/crude_furnace": {
    "criteria": {
      "criterion1": "2023-11-08 21:29:50 -0500"
    },
    "done": true
  },
  "enderio:recipes/misc/stone_gear": {
    "criteria": {
      "has_ingredient": "2023-11-08 21:29:50 -0500"
    },
    "done": true
  },
  "twigs:recipes/tables/oak_table": {
    "criteria": {
      "has_bamboo": "2023-11-08 22:03:39 -0500"
    },
    "done": true
  },
  "regions_unexplored:spelunker": {
    "criteria": {
      "bioshroom_caves": "2023-11-08 21:39:05 -0500"
    },
    "done": false
  },
  "minecraft:recipes/decorations/campfire": {
    "criteria": {
      "has_stick": "2023-11-08 21:23:52 -0500"
    },
    "done": true
  },
  "sophisticatedstorage:recipes/misc/dark_oak_chest": {
    "criteria": {
      "has_dark_oak_plank": "2023-11-08 21:26:30 -0500"
    },
    "done": true
  },
  "ae2wtlib:recipes/wireless_universal_terminal/upgrade_crafting": {
    "criteria": {
      "has_wct": "2023-11-08 21:21:29 -0500"
    },
    "done": true
  },
  "georenouveau:recipes/misc/coal_geore_dowsing_rod": {
    "criteria": {
      "has_ore": "2023-11-08 21:39:47 -0500"
    },
    "done": true
  },
  "rats:recipes/misc/hammocks/rat_hammock_orange": {
    "criteria": {
      "has_string": "2023-11-08 21:54:37 -0500"
    },
    "done": true
  },
  "rats:recipes/combat/halo_hat": {
    "criteria": {
      "has_ingot": "2023-11-08 21:54:35 -0500"
    },
    "done": true
  },
  "handcrafted:recipes/misc/granite_corner_trim": {
    "criteria": {
      "has_granite_corner_trim": "2023-11-08 21:41:01 -0500"
    },
    "done": true
  },
  "adchimneys:recipes/building_blocks/stone_chimney": {
    "criteria": {
      "has_item": "2023-11-08 21:29:50 -0500"
    },
    "done": true
  },
  "rftoolsbase:recipes/rftoolsbase/crafting_card": {
    "criteria": {
      "crafter": "2023-11-08 21:23:29 -0500"
    },
    "done": true
  },
  "ironchest:recipes/decorations/chests/iron_gold_chest": {
    "criteria": {
      "has_gold_ingot": "2023-11-08 21:54:35 -0500"
    },
    "done": true
  },
  "ae2:recipes/misc/network/cells/item_cell_housing": {
    "criteria": {
      "has_dusts/redstone": "2023-11-08 21:41:09 -0500"
    },
    "done": true
  },
  "lootr:1barrel": {
    "criteria": {
      "opened_barrel": "2023-11-08 21:42:27 -0500"
    },
    "done": true
  },
  "regions_unexplored:recipes/transportation/redwood_chest_boat": {
    "criteria": {
      "has_boat": "2023-11-08 21:41:25 -0500"
    },
    "done": true
  },
  "buildinggadgets2:recipes/misc/gadget_destruction": {
    "criteria": {
      "has_ender_pearl": "2023-11-08 21:35:47 -0500"
    },
    "done": true
  },
  "supplementaries:recipes/timber_brace": {
    "criteria": {
      "forge:rods/wooden": "2023-11-08 21:23:52 -0500"
    },
    "done": true
  },
  "ae2wtlib:recipes/wireless_pattern_access_terminal": {
    "criteria": {
      "has_wt": "2023-11-08 21:21:29 -0500"
    },
    "done": true
  },
  "rats:recipes/misc/upgrades/angel_upgrade": {
    "criteria": {
      "has_gold": "2023-11-08 21:54:35 -0500"
    },
    "done": true
  },
  "minecraft:recipes/redstone/oak_door": {
    "criteria": {
      "has_planks": "2023-11-08 22:03:39 -0500"
    },
    "done": true
  },
  "xnet:recipes/xnet/connector_upgrade": {
    "criteria": {
      "pearl": "2023-11-08 21:35:47 -0500"
    },
    "done": true
  },
  "handcrafted:recipes/misc/goat_trophy": {
    "criteria": {
      "has_goat_trophy": "2023-11-08 21:23:25 -0500"
    },
    "done": true
  },
  "regions_unexplored:recipes/redstone/blackwood_button": {
    "criteria": {
      "has_blackwood_planks": "2023-11-08 21:23:26 -0500"
    },
    "done": true
  },
  "supplementaries:recipes/turn_table": {
    "criteria": {
      "minecraft:planks": "2023-11-08 21:23:25 -0500"
    },
    "done": true
  },
  "rftoolsutility:recipes/rftoolsutility/charged_porter": {
    "criteria": {
      "pearl": "2023-11-08 21:35:47 -0500"
    },
    "done": true
  },
  "minecraft:recipes/combat/golden_sword": {
    "criteria": {
      "has_gold_ingot": "2023-11-08 21:54:35 -0500"
    },
    "done": true
  },
  "minecraft:recipes/redstone/dispenser": {
    "criteria": {
      "has_bow": "2023-11-08 21:57:52 -0500"
    },
    "done": true
  },
  "minecraft:recipes/building_blocks/cobblestone_slab": {
    "criteria": {
      "has_cobblestone": "2023-11-08 21:29:50 -0500"
    },
    "done": true
  },
  "decorative_blocks:recipes/decorative_blocks.general/lattice": {
    "criteria": {
      "has_stick": "2023-11-08 21:23:52 -0500"
    },
    "done": true
  },
  "naturescompass:natures_compass_sapling": {
    "criteria": {
      "has_recipe": "2023-11-08 21:22:57 -0500"
    },
    "done": true
  },
  "minecraft:recipes/building_blocks/gold_block": {
    "criteria": {
      "has_gold_ingot": "2023-11-08 21:54:35 -0500"
    },
    "done": true
  },
  "minecraft:recipes/transportation/acacia_boat": {
    "criteria": {
      "in_water": "2023-11-08 21:29:42 -0500"
    },
    "done": true
  },
  "aquaculture:recipes/decorations/acacia_fish_mount": {
    "criteria": {
      "has_items": "2023-11-08 21:21:29 -0500"
    },
    "done": true
  },
  "rats:recipes/building_blocks/rat_attractor": {
    "criteria": {
      "has_redstone": "2023-11-08 21:41:09 -0500"
    },
    "done": true
  },
  "supplementaries:recipes/flags/flag_black": {
    "criteria": {
      "has_stick": "2023-11-08 21:23:52 -0500"
    },
    "done": true
  },
  "decorative_blocks:recipes/decorative_blocks.general/dark_oak_palisade": {
    "criteria": {
      "has_log": "2023-11-08 21:24:31 -0500"
    },
    "done": true
  },
  "utilitix:recipes/misc/mob_bell": {
    "criteria": {
      "criterion8": "2023-11-08 21:25:34 -0500"
    },
    "done": true
  },
  "minecraft:recipes/misc/iron_ingot_from_blasting_raw_iron": {
    "criteria": {
      "has_raw_iron": "2023-11-08 21:32:08 -0500"
    },
    "done": true
  },
  "minecraft:recipes/combat/wooden_sword": {
    "criteria": {
      "has_stick": "2023-11-08 21:23:52 -0500"
    },
    "done": true
  },
  "minecraft:recipes/building_blocks/oak_planks": {
    "criteria": {
      "has_logs": "2023-11-08 22:03:16 -0500"
    },
    "done": true
  },
  "betterdungeons:root": {
    "criteria": {
      "always": "2023-11-08 21:21:29 -0500"
    },
    "done": true
  },
  "supplementaries:recipes/flags/flag_green": {
    "criteria": {
      "has_stick": "2023-11-08 21:23:52 -0500"
    },
    "done": true
  },
  "minecraft:recipes/decorations/cobblestone_wall_from_cobblestone_stonecutting": {
    "criteria": {
      "has_cobblestone": "2023-11-08 21:29:50 -0500"
    },
    "done": true
  },
  "rats:recipes/building_blocks/rat_quarry": {
    "criteria": {
      "has_table": "2023-11-08 21:23:29 -0500"
    },
    "done": true
  },
  "ae2:recipes/misc/network/cables/dense_smart_fluix": {
    "criteria": {
      "has_dusts/redstone": "2023-11-08 21:41:09 -0500"
    },
    "done": true
  },
  "aether_redux:recipes/transportation/blightwillow_chest_boat": {
    "criteria": {
      "has_boat": "2023-11-08 21:41:25 -0500"
    },
    "done": true
  },
  "regions_unexplored:recipes/building_blocks/orange_painted_planks": {
    "criteria": {
      "has_planks": "2023-11-08 21:23:26 -0500"
    },
    "done": true
  },
  "minecraft:recipes/building_blocks/cobblestone_stairs": {
    "criteria": {
      "has_cobblestone": "2023-11-08 21:29:50 -0500"
    },
    "done": true
  },
  "aquaculture:recipes/tools/gold_fillet_knife": {
    "criteria": {
      "has_items": "2023-11-08 21:54:35 -0500"
    },
    "done": true
  },
  "aquaculture:recipes/aquaculture/light_hook": {
    "criteria": {
      "has_items": "2023-11-08 21:21:29 -0500"
    },
    "done": true
  },
  "supplementaries:recipes/flags/flag_purple": {
    "criteria": {
      "has_stick": "2023-11-08 21:23:52 -0500"
    },
    "done": true
  },
  "minecraft:recipes/building_blocks/polished_granite_stairs_from_granite_stonecutting": {
    "criteria": {
      "has_granite": "2023-11-08 21:41:01 -0500"
    },
    "done": true
  },
  "biomesoplenty:recipes/transportation/umbran_chest_boat": {
    "criteria": {
      "has_boat": "2023-11-08 21:41:25 -0500"
    },
    "done": true
  },
  "biomesoplenty:recipes/transportation/willow_chest_boat": {
    "criteria": {
      "has_boat": "2023-11-08 21:41:25 -0500"
    },
    "done": true
  },
  "regions_unexplored:got_wood": {
    "criteria": {
      "blackwood_log": "2023-11-08 21:22:57 -0500"
    },
    "done": false
  },
  "rats:recipes/misc/upgrades/psychic_upgrade": {
    "criteria": {
      "has_pearl": "2023-11-08 21:35:47 -0500"
    },
    "done": true
  },
  "handcrafted:recipes/misc/blaze_trophy": {
    "criteria": {
      "has_blaze_trophy": "2023-11-08 21:23:25 -0500"
    },
    "done": true
  },
  "handcrafted:recipes/misc/oak_counter": {
    "criteria": {
      "has_oak_counter": "2023-11-08 22:03:39 -0500"
    },
    "done": true
  },
  "aether:recipes/tools/iron_pickaxe_repairing": {
    "criteria": {
      "has_iron_pickaxe": "2023-11-08 21:35:47 -0500"
    },
    "done": true
  },
  "rats:recipes/misc/hammocks/rat_hammock_cyan": {
    "criteria": {
      "has_string": "2023-11-08 21:54:37 -0500"
    },
    "done": true
  },
  "supplementaries:recipes/flags/flag_white": {
    "criteria": {
      "has_stick": "2023-11-08 21:23:52 -0500"
    },
    "done": true
  },
  "minecraft:recipes/transportation/jungle_boat": {
    "criteria": {
      "in_water": "2023-11-08 21:29:42 -0500"
    },
    "done": true
  },
  "supplementaries:recipes/hourglass": {
    "criteria": {
      "has_gold_ingot": "2023-11-08 21:54:35 -0500"
    },
    "done": true
  },
  "rats:recipes/misc/upgrades/christmas_upgrade": {
    "criteria": {
      "has_coal": "2023-11-08 21:39:47 -0500"
    },
    "done": true
  },
  "handcrafted:recipes/misc/wolf_trophy": {
    "criteria": {
      "has_wolf_trophy": "2023-11-08 21:23:25 -0500"
    },
    "done": true
  },
  "regions_unexplored:recipes/building_blocks/red_painted_planks": {
    "criteria": {
      "has_planks": "2023-11-08 21:23:25 -0500"
    },
    "done": true
  },
  "minecraft:recipes/redstone/lever": {
    "criteria": {
      "has_cobblestone": "2023-11-08 21:29:50 -0500"
    },
    "done": true
  },
  "farmersdelight:recipes/cooking/dog_food": {
    "criteria": {
      "has_any_ingredient": "2023-11-08 21:25:34 -0500"
    },
    "done": true
  },
  "regions_unexplored:recipes/transportation/magnolia_chest_boat": {
    "criteria": {
      "has_boat": "2023-11-08 21:41:25 -0500"
    },
    "done": true
  },
  "aquaculture:recipes/aquaculture/tackle_box": {
    "criteria": {
      "has_items": "2023-11-08 21:49:18 -0500"
    },
    "done": true
  },
  "supplementaries:recipes/timber_cross_brace": {
    "criteria": {
      "forge:rods/wooden": "2023-11-08 21:23:52 -0500"
    },
    "done": true
  },
  "utilitix:recipes/misc/directional_rail": {
    "criteria": {
      "criterion1": "2023-11-08 21:23:52 -0500"
    },
    "done": true
  },
  "minecraft:recipes/food/dried_kelp_from_smelting": {
    "criteria": {
      "has_kelp": "2023-11-08 21:49:18 -0500"
    },
    "done": true
  },
  "aquaculture:recipes/tools/iron_fishing_rod": {
    "criteria": {
      "has_vanilla_rod": "2023-11-08 21:21:29 -0500"
    },
    "done": true
  },
  "aether_redux:recipes/transportation/springshroom_boat": {
    "criteria": {
      "in_water": "2023-11-08 21:29:42 -0500"
    },
    "done": true
  },
  "minecraft:recipes/misc/iron_nugget_from_smelting": {
    "criteria": {
      "has_iron_pickaxe": "2023-11-08 21:35:47 -0500"
    },
    "done": true
  },
  "regions_unexplored:recipes/transportation/pine_chest_boat": {
    "criteria": {
      "has_boat": "2023-11-08 21:41:25 -0500"
    },
    "done": true
  },
  "minecraft:recipes/food/baked_potato_from_campfire_cooking": {
    "criteria": {
      "has_potato": "2023-11-08 21:41:04 -0500"
    },
    "done": true
  },
  "supplementaries:recipes/sign_post_dark_oak": {
    "criteria": {
      "has_the_recipe": "2023-11-08 21:26:30 -0500"
    },
    "done": true
  },
  "regions_unexplored:recipes/transportation/pine_boat": {
    "criteria": {
      "in_water": "2023-11-08 21:29:42 -0500"
    },
    "done": true
  },
  "rats:recipes/misc/upgrades/speed_upgrade": {
    "criteria": {
      "has_dust": "2023-11-08 21:41:09 -0500"
    },
    "done": true
  },
  "supplementaries:recipes/boat_jar": {
    "criteria": {
      "minecraft:boats": "2023-11-08 21:41:25 -0500"
    },
    "done": true
  },
  "rats:recipes/misc/upgrades/crossbow_upgrade": {
    "criteria": {
      "has_arrow": "2023-11-08 21:29:36 -0500"
    },
    "done": true
  },
  "utilitix:recipes/misc/reinforced_rail": {
    "criteria": {
      "criterion2": "2023-11-08 21:23:52 -0500"
    },
    "done": true
  },
  "xnet:recipes/xnet/advanced_connector_yellow": {
    "criteria": {
      "chest": "2023-11-08 21:35:02 -0500"
    },
    "done": true
  },
  "minecraft:story/iron_tools": {
    "criteria": {
      "iron_pickaxe": "2023-11-08 21:35:47 -0500"
    },
    "done": true
  },
  "minecraft:recipes/redstone/oak_trapdoor": {
    "criteria": {
      "has_planks": "2023-11-08 22:03:39 -0500"
    },
    "done": true
  },
  "minecraft:recipes/combat/stone_sword": {
    "criteria": {
      "has_cobblestone": "2023-11-08 21:29:50 -0500"
    },
    "done": true
  },
  "minecraft:recipes/decorations/cobblestone_wall": {
    "criteria": {
      "has_cobblestone": "2023-11-08 21:29:50 -0500"
    },
    "done": true
  },
  "sophisticatedstorage:recipes/misc/oak_limited_barrel_1": {
    "criteria": {
      "has_oak_plank": "2023-11-08 22:03:39 -0500"
    },
    "done": true
  },
  "sophisticatedstorage:recipes/misc/oak_limited_barrel_2": {
    "criteria": {
      "has_oak_plank": "2023-11-08 22:03:39 -0500"
    },
    "done": true
  },
  "sophisticatedstorage:recipes/misc/oak_limited_barrel_3": {
    "criteria": {
      "has_oak_plank": "2023-11-08 22:03:39 -0500"
    },
    "done": true
  },
  "sophisticatedstorage:recipes/misc/oak_limited_barrel_4": {
    "criteria": {
      "has_oak_plank": "2023-11-08 22:03:39 -0500"
    },
    "done": true
  },
  "minecraft:recipes/food/dried_kelp_from_campfire_cooking": {
    "criteria": {
      "has_kelp": "2023-11-08 21:49:18 -0500"
    },
    "done": true
  },
  "minecraft:recipes/tools/stone_axe": {
    "criteria": {
      "has_cobblestone": "2023-11-08 21:29:50 -0500"
    },
    "done": true
  },
  "regions_unexplored:recipes/decorations/oak_shrub": {
    "criteria": {
      "has_oak_sapling": "2023-11-08 22:03:35 -0500"
    },
    "done": true
  },
  "xnet:recipes/xnet/connector_routing": {
    "criteria": {
      "chest": "2023-11-08 21:35:02 -0500"
    },
    "done": true
  },
  "supplementaries:recipes/flags/flag_gray": {
    "criteria": {
      "has_stick": "2023-11-08 21:23:52 -0500"
    },
    "done": true
  },
  "decorative_blocks:recipes/decorative_blocks.general/dark_oak_support": {
    "criteria": {
      "has_plank": "2023-11-08 21:26:30 -0500"
    },
    "done": true
  },
  "regions_unexplored:recipes/building_blocks/green_painted_planks": {
    "criteria": {
      "has_planks": "2023-11-08 21:23:25 -0500"
    },
    "done": true
  },
  "minecraft:recipes/combat/bow": {
    "criteria": {
      "has_string": "2023-11-08 21:54:37 -0500"
    },
    "done": true
  },
  "supplementaries:recipes/faucet": {
    "criteria": {
      "forge:rods/wooden": "2023-11-08 21:23:52 -0500"
    },
    "done": true
  },
  "rats:recipes/tools/radius_stick": {
    "criteria": {
      "has_stick": "2023-11-08 21:23:52 -0500"
    },
    "done": true
  },
  "minecraft:recipes/combat/golden_helmet": {
    "criteria": {
      "has_gold_ingot": "2023-11-08 21:54:35 -0500"
    },
    "done": true
  },
  "supplementaries:recipes/gold_trapdoor": {
    "criteria": {
      "has_gold_ingot": "2023-11-08 21:54:35 -0500"
    },
    "done": true
  },
  "xnet:recipes/xnet/connector_blue": {
    "criteria": {
      "chest": "2023-11-08 21:35:02 -0500"
    },
    "done": true
  },
  "aquaculture:recipes/decorations/oak_fish_mount": {
    "criteria": {
      "has_items": "2023-11-08 21:21:29 -0500"
    },
    "done": true
  },
  "supplementaries:recipes/bed_from_feather_block": {
    "criteria": {
      "minecraft:planks": "2023-11-08 21:23:25 -0500"
    },
    "done": true
  },
  "supplementaries:recipes/checker": {
    "criteria": {
      "has_cobblestone": "2023-11-08 21:29:50 -0500"
    },
    "done": true
  },
  "minecraft:recipes/building_blocks/emerald_block": {
    "criteria": {
      "has_emerald": "2023-11-08 21:42:34 -0500"
    },
    "done": true
  },
  "utilitix:recipes/misc/gilding_crystal": {
    "criteria": {
      "criterion0": "2023-11-08 21:54:35 -0500"
    },
    "done": true
  },
  "regions_unexplored:recipes/building_blocks/light_gray_painted_planks": {
    "criteria": {
      "has_planks": "2023-11-08 21:23:25 -0500"
    },
    "done": true
  },
  "rats:recipes/food/assorted_vegetables": {
    "criteria": {
      "has_a_veggie": "2023-11-08 21:41:04 -0500"
    },
    "done": true
  },
  "xnet:recipes/xnet/netcable_yellow_dye": {
    "criteria": {
      "chest": "2023-11-08 21:35:02 -0500"
    },
    "done": true
  },
  "supplementaries:recipes/bamboo_spikes": {
    "criteria": {
      "has_bamboo": "2023-11-08 22:09:13 -0500"
    },
    "done": true
  },
  "biomesoplenty:recipes/transportation/fir_boat": {
    "criteria": {
      "in_water": "2023-11-08 21:29:42 -0500"
    },
    "done": true
  },
  "enderio:recipes/misc/wood_gear": {
    "criteria": {
      "has_ingredient": "2023-11-08 21:23:52 -0500"
    },
    "done": true
  },
  "rats:recipes/misc/upgrades/pickpocket_upgrade": {
    "criteria": {
      "has_emerald": "2023-11-08 21:42:34 -0500"
    },
    "done": true
  },
  "supplementaries:recipes/decorations/regions_unexplored/sign_post_blackwood": {
    "criteria": {
      "has_planks": "2023-11-08 21:23:25 -0500"
    },
    "done": true
  },
  "handcrafted:recipes/misc/oak_bench": {
    "criteria": {
      "has_oak_bench": "2023-11-08 22:03:39 -0500"
    },
    "done": true
  },
  "handcrafted:recipes/misc/dark_oak_bench": {
    "criteria": {
      "has_dark_oak_bench": "2023-11-08 21:26:30 -0500"
    },
    "done": true
  },
  "twigs:recipes/cobblestone_bricks/cobblestone_brick_slab_from_cobblestone_stonecutting": {
    "criteria": {
      "has_item": "2023-11-08 21:29:50 -0500"
    },
    "done": true
  },
  "utilitix:recipes/misc/highspeed_rail": {
    "criteria": {
      "criterion1": "2023-11-08 21:23:52 -0500"
    },
    "done": true
  },
  "regions_unexplored:recipes/transportation/socotra_boat": {
    "criteria": {
      "in_water": "2023-11-08 21:29:42 -0500"
    },
    "done": true
  },
  "minecraft:recipes/misc/bone_meal": {
    "criteria": {
      "has_bone": "2023-11-08 21:29:36 -0500"
    },
    "done": true
  },
  "beautify:blinds": {
    "criteria": {
      "requirement": "2023-11-08 21:23:52 -0500"
    },
    "done": true
  },
  "rats:recipes/misc/upgrades/bow_upgrade": {
    "criteria": {
      "has_arrow": "2023-11-08 21:29:36 -0500"
    },
    "done": true
  },
  "regions_unexplored:recipes/building_blocks/yellow_painted_planks": {
    "criteria": {
      "has_planks": "2023-11-08 21:23:25 -0500"
    },
    "done": true
  },
  "regions_unexplored:recipes/transportation/eucalyptus_chest_boat": {
    "criteria": {
      "has_boat": "2023-11-08 21:41:25 -0500"
    },
    "done": true
  },
  "aquaculture:recipes/aquaculture/double_hook": {
    "criteria": {
      "has_items": "2023-11-08 21:21:29 -0500"
    },
    "done": true
  },
  "ae2wtlib:recipes/wireless_pattern_encoding_terminal": {
    "criteria": {
      "has_wt": "2023-11-08 21:21:29 -0500"
    },
    "done": true
  },
  "supplementaries:recipes/flags/flag_light_blue": {
    "criteria": {
      "has_stick": "2023-11-08 21:23:52 -0500"
    },
    "done": true
  },
  "create:recipes/misc/crafting/logistics/powered_latch": {
    "criteria": {
      "has_item": "2023-11-08 21:41:09 -0500"
    },
    "done": true
  },
  "twigs:recipes/cobblestone_bricks/cobblestone_bricks_stonecutting": {
    "criteria": {
      "has_item": "2023-11-08 21:29:50 -0500"
    },
    "done": true
  },
  "minecraft:recipes/transportation/spruce_boat": {
    "criteria": {
      "in_water": "2023-11-08 21:29:42 -0500"
    },
    "done": true
  },
  "regions_unexplored:recipes/building_blocks/purple_painted_planks": {
    "criteria": {
      "has_planks": "2023-11-08 21:23:25 -0500"
    },
    "done": true
  },
  "rats:recipes/misc/upgrades/lumberjack_upgrade": {
    "criteria": {
      "has_sapling": "2023-11-08 22:03:35 -0500"
    },
    "done": true
  },
  "twigs:recipes/cobblestone_bricks/cobblestone_bricks": {
    "criteria": {
      "has_item": "2023-11-08 21:29:50 -0500"
    },
    "done": true
  },
  "biomesoplenty:recipes/transportation/redwood_chest_boat": {
    "criteria": {
      "has_boat": "2023-11-08 21:41:25 -0500"
    },
    "done": true
  },
  "minecraft:recipes/redstone/note_block": {
    "criteria": {
      "has_redstone": "2023-11-08 21:41:09 -0500"
    },
    "done": true
  },
  "create:recipes/building_blocks/polished_cut_granite_slab_from_stone_types_granite_stonecutting": {
    "criteria": {
      "has_stone_types_granite": "2023-11-08 21:41:01 -0500"
    },
    "done": true
  },
  "regions_unexplored:recipes/transportation/dead_boat": {
    "criteria": {
      "in_water": "2023-11-08 21:29:42 -0500"
    },
    "done": true
  },
  "handcrafted:recipes/misc/dark_oak_drawer": {
    "criteria": {
      "has_dark_oak_drawer": "2023-11-08 21:26:30 -0500"
    },
    "done": true
  },
  "betterdeserttemples:root": {
    "criteria": {
      "always": "2023-11-08 21:21:29 -0500"
    },
    "done": true
  },
  "aquaculture:recipes/aquaculture/fishing_line": {
    "criteria": {
      "has_items": "2023-11-08 21:21:29 -0500"
    },
    "done": true
  },
  "minecraft:recipes/misc/paper": {
    "criteria": {
      "has_reeds": "2023-11-08 21:32:28 -0500"
    },
    "done": true
  },
  "rats:root": {
    "criteria": {
      "tick": "2023-11-08 21:21:29 -0500"
    },
    "done": true
  },
  "biomesoplenty:recipes/transportation/redwood_boat": {
    "criteria": {
      "in_water": "2023-11-08 21:29:42 -0500"
    },
    "done": true
  },
  "handcrafted:recipes/misc/dark_oak_couch": {
    "criteria": {
      "has_dark_oak_couch": "2023-11-08 21:26:30 -0500"
    },
    "done": true
  },
  "handcrafted:recipes/misc/oak_couch": {
    "criteria": {
      "has_oak_couch": "2023-11-08 22:03:39 -0500"
    },
    "done": true
  },
  "minecraft:recipes/redstone/dark_oak_pressure_plate": {
    "criteria": {
      "has_planks": "2023-11-08 21:26:30 -0500"
    },
    "done": true
  },
  "aquaculture:recipes/aquaculture/iron_hook": {
    "criteria": {
      "has_items": "2023-11-08 21:21:29 -0500"
    },
    "done": true
  },
  "handcrafted:recipes/misc/spider_trophy": {
    "criteria": {
      "has_spider_trophy": "2023-11-08 21:23:25 -0500"
    },
    "done": true
  },
  "minecraft:recipes/building_blocks/dark_oak_slab": {
    "criteria": {
      "has_planks": "2023-11-08 21:26:30 -0500"
    },
    "done": true
  },
  "minecraft:recipes/transportation/mangrove_boat": {
    "criteria": {
      "in_water": "2023-11-08 21:29:42 -0500"
    },
    "done": true
  },
  "supplementaries:recipes/daub_brace": {
    "criteria": {
      "forge:rods/wooden": "2023-11-08 21:23:52 -0500"
    },
    "done": true
  },
  "handcrafted:recipes/misc/oak_chair": {
    "criteria": {
      "has_oak_chair": "2023-11-08 22:03:39 -0500"
    },
    "done": true
  },
  "handcrafted:recipes/misc/dark_oak_chair": {
    "criteria": {
      "has_dark_oak_chair": "2023-11-08 21:26:30 -0500"
    },
    "done": true
  },
  "aquaculture:recipes/misc/jellyfish_to_slimeball": {
    "criteria": {
      "has_items": "2023-11-08 21:21:29 -0500"
    },
    "done": true
  },
  "minecraft:recipes/transportation/dark_oak_chest_boat": {
    "criteria": {
      "has_boat": "2023-11-08 21:41:25 -0500"
    },
    "done": true
  },
  "supplementaries:recipes/notice_board": {
    "criteria": {
      "minecraft:planks": "2023-11-08 21:23:25 -0500"
    },
    "done": true
  },
  "forbidden_arcanus:recipes/misc/deorum_ingot": {
    "criteria": {
      "has_gold_ingot": "2023-11-08 21:54:35 -0500"
    },
    "done": true
  },
  "regions_unexplored:recipes/building_blocks/blackwood_slab": {
    "criteria": {
      "has_blackwood_planks": "2023-11-08 21:23:25 -0500"
    },
    "done": true
  },
  "aether_redux:recipes/transportation/cloudcap_chest_boat": {
    "criteria": {
      "has_boat": "2023-11-08 21:41:25 -0500"
    },
    "done": true
  },
  "biomesoplenty:recipes/transportation/hellbark_boat": {
    "criteria": {
      "in_water": "2023-11-08 21:29:42 -0500"
    },
    "done": true
  },
  "supplementaries:recipes/altimeter": {
    "criteria": {
      "has_redstone": "2023-11-08 21:41:09 -0500"
    },
    "done": true
  },
  "minecraft:recipes/misc/iron_ingot_from_smelting_raw_iron": {
    "criteria": {
      "has_raw_iron": "2023-11-08 21:32:08 -0500"
    },
    "done": true
  },
  "supplementaries:recipes/sconce_lever": {
    "criteria": {
      "has_redstone": "2023-11-08 21:41:09 -0500"
    },
    "done": true
  },
  "georenouveau:recipes/misc/gold_geore_dowsing_rod": {
    "criteria": {
      "has_ore": "2023-11-08 21:54:35 -0500"
    },
    "done": true
  },
  "biomesoplenty:recipes/transportation/jacaranda_boat": {
    "criteria": {
      "in_water": "2023-11-08 21:29:42 -0500"
    },
    "done": true
  },
  "create:recipes/building_blocks/cut_granite_wall_from_stone_types_granite_stonecutting": {
    "criteria": {
      "has_stone_types_granite": "2023-11-08 21:41:01 -0500"
    },
    "done": true
  },
  "regions_unexplored:recipes/transportation/dead_chest_boat": {
    "criteria": {
      "has_boat": "2023-11-08 21:41:25 -0500"
    },
    "done": true
  },
  "minecraft:recipes/misc/sugar_from_sugar_cane": {
    "criteria": {
      "has_sugar_cane": "2023-11-08 21:32:28 -0500"
    },
    "done": true
  },
  "regions_unexplored:regions_explored": {
    "criteria": {
      "muddy_river": "2023-11-08 21:48:24 -0500",
      "willow_forest": "2023-11-08 21:52:43 -0500",
      "grassy_beach": "2023-11-08 21:48:48 -0500",
      "blackwood_taiga": "2023-11-08 21:21:29 -0500",
      "rocky_meadow": "2023-11-08 21:55:06 -0500",
      "magnolia_highlands": "2023-11-08 21:53:29 -0500",
      "towering_cliffs": "2023-11-08 21:51:12 -0500",
      "bioshroom_caves": "2023-11-08 21:39:05 -0500"
    },
    "done": false
  },
  "utilitix:recipes/misc/linked_repeater": {
    "criteria": {
      "criterion2": "2023-11-08 21:41:01 -0500"
    },
    "done": true
  },
  "rats:recipes/misc/upgrades/chicken_mount_upgrade": {
    "criteria": {
      "has_seeds": "2023-11-08 21:32:47 -0500"
    },
    "done": true
  },
  "utilitix:recipes/misc/comparator_redirector_down": {
    "criteria": {
      "criterion1": "2023-11-08 21:29:50 -0500"
    },
    "done": true
  },
  "create:recipes/building_blocks/small_granite_brick_slab_from_stone_types_granite_stonecutting": {
    "criteria": {
      "has_stone_types_granite": "2023-11-08 21:41:01 -0500"
    },
    "done": true
  },
  "minecraft:recipes/tools/wooden_pickaxe": {
    "criteria": {
      "has_stick": "2023-11-08 21:23:52 -0500"
    },
    "done": true
  },
  "aquaculture:recipes/tools/diamond_fishing_rod": {
    "criteria": {
      "has_vanilla_rod": "2023-11-08 21:21:29 -0500"
    },
    "done": true
  },
  "rats:recipes/misc/upgrades/breeder_upgrade": {
    "criteria": {
      "has_seeds": "2023-11-08 21:32:47 -0500"
    },
    "done": true
  },
  "minecraft:recipes/food/baked_potato_from_smoking": {
    "criteria": {
      "has_potato": "2023-11-08 21:41:04 -0500"
    },
    "done": true
  },
  "rats:recipes/misc/upgrades/undead_upgrade": {
    "criteria": {
      "has_flesh": "2023-11-08 21:25:34 -0500"
    },
    "done": true
  },
  "handcrafted:recipes/misc/dark_oak_desk": {
    "criteria": {
      "has_dark_oak_desk": "2023-11-08 21:26:30 -0500"
    },
    "done": true
  },
  "supplementaries:recipes/flags/flag_cyan": {
    "criteria": {
      "has_stick": "2023-11-08 21:23:52 -0500"
    },
    "done": true
  },
  "minecraft:story/upgrade_tools": {
    "criteria": {
      "stone_pickaxe": "2023-11-08 21:31:32 -0500"
    },
    "done": true
  },
  "additionallanterns:recipes/misc/granite_chain": {
    "criteria": {
      "recipe_condition": "2023-11-08 21:41:01 -0500"
    },
    "done": true
  },
  "farmersdelight:recipes/cooking/bone_broth": {
    "criteria": {
      "has_bone": "2023-11-08 21:29:36 -0500"
    },
    "done": true
  },
  "biomesoplenty:recipes/transportation/palm_boat": {
    "criteria": {
      "in_water": "2023-11-08 21:29:42 -0500"
    },
    "done": true
  },
  "regions_unexplored:recipes/transportation/maple_chest_boat": {
    "criteria": {
      "has_boat": "2023-11-08 21:41:25 -0500"
    },
    "done": true
  },
  "forbidden_arcanus:recipes/tools/stone_blacksmith_gavel": {
    "criteria": {
      "has_stone_tool_materials": "2023-11-08 21:29:50 -0500"
    },
    "done": true
  },
  "minecraft:recipes/redstone/oak_pressure_plate": {
    "criteria": {
      "has_planks": "2023-11-08 22:03:39 -0500"
    },
    "done": true
  },
  "utilitix:recipes/misc/linked_crystal": {
    "criteria": {
      "criterion0": "2023-11-08 21:41:09 -0500"
    },
    "done": true
  },
  "minecraft:recipes/redstone/dropper": {
    "criteria": {
      "has_redstone": "2023-11-08 21:41:09 -0500"
    },
    "done": true
  },
  "regions_unexplored:recipes/transportation/baobab_boat": {
    "criteria": {
      "in_water": "2023-11-08 21:29:42 -0500"
    },
    "done": true
  },
  "minecraft:recipes/building_blocks/polished_granite": {
    "criteria": {
      "has_granite": "2023-11-08 21:41:01 -0500"
    },
    "done": true
  },
  "supplementaries:recipes/slice_map": {
    "criteria": {
      "has_map": "2023-11-08 21:35:40 -0500"
    },
    "done": true
  },
  "aether_redux:recipes/transportation/springshroom_chest_boat": {
    "criteria": {
      "has_boat": "2023-11-08 21:41:25 -0500"
    },
    "done": true
  },
  "handcrafted:recipes/misc/oak_cupboard": {
    "criteria": {
      "has_oak_cupboard": "2023-11-08 22:03:39 -0500"
    },
    "done": true
  },
  "regions_unexplored:pioneer": {
    "criteria": {
      "muddy_river": "2023-11-08 21:48:24 -0500",
      "willow_forest": "2023-11-08 21:52:43 -0500",
      "grassy_beach": "2023-11-08 21:48:48 -0500",
      "blackwood_taiga": "2023-11-08 21:21:29 -0500",
      "rocky_meadow": "2023-11-08 21:55:06 -0500",
      "magnolia_highlands": "2023-11-08 21:53:29 -0500",
      "towering_cliffs": "2023-11-08 21:51:12 -0500"
    },
    "done": false
  },
  "rftoolsutility:recipes/rftoolsutility/redstone_information": {
    "criteria": {
      "redstone": "2023-11-08 21:41:09 -0500"
    },
    "done": true
  },
  "farmersdelight:recipes/building_blocks/organic_compost_from_rotten_flesh": {
    "criteria": {
      "has_rotten_flesh": "2023-11-08 21:25:34 -0500"
    },
    "done": true
  },
  "rats:recipes/misc/hammocks/rat_hammock_light_blue": {
    "criteria": {
      "has_string": "2023-11-08 21:54:37 -0500"
    },
    "done": true
  },
  "decorative_blocks:recipes/decorative_blocks.general/dark_oak_seat": {
    "criteria": {
      "has_plank": "2023-11-08 21:26:30 -0500"
    },
    "done": true
  },
  "additionallanterns:recipes/misc/emerald_chain": {
    "criteria": {
      "recipe_condition": "2023-11-08 21:42:34 -0500"
    },
    "done": true
  },
  "supplementaries:recipes/flags/flag_red": {
    "criteria": {
      "has_stick": "2023-11-08 21:23:52 -0500"
    },
    "done": true
  },
  "suppsquared:recipes/decorations/item_shelf_dark_oak": {
    "criteria": {
      "has_planks": "2023-11-08 21:26:30 -0500"
    },
    "done": true
  },
  "minecraft:adventure/kill_a_mob": {
    "criteria": {
      "minecraft:zombie": "2023-11-08 21:25:33 -0500"
    },
    "done": true
  },
  "minecraft:recipes/misc/stick_from_bamboo_item": {
    "criteria": {
      "has_bamboo": "2023-11-08 22:09:13 -0500"
    },
    "done": true
  },
  "minecraft:recipes/tools/golden_hoe": {
    "criteria": {
      "has_gold_ingot": "2023-11-08 21:54:35 -0500"
    },
    "done": true
  },
  "trashcans:recipes/misc/energy_trash_can": {
    "criteria": {
      "recipe_condition": "2023-11-08 21:41:09 -0500"
    },
    "done": true
  },
  "minecraft:husbandry/balanced_diet": {
    "criteria": {
      "bread": "2023-11-08 21:34:06 -0500"
    },
    "done": false
  },
  "supplementaries:recipes/gold_door": {
    "criteria": {
      "has_gold_ingot": "2023-11-08 21:54:35 -0500"
    },
    "done": true
  },
  "minecraft:recipes/building_blocks/bamboo_block": {
    "criteria": {
      "has_bamboo": "2023-11-08 22:09:13 -0500"
    },
    "done": true
  },
  "rats:recipes/misc/hammocks/rat_hammock_red": {
    "criteria": {
      "has_string": "2023-11-08 21:54:37 -0500"
    },
    "done": true
  },
  "create:recipes/misc/crafting/materials/rose_quartz": {
    "criteria": {
      "has_item": "2023-11-08 21:41:09 -0500"
    },
    "done": true
  },
  "aquaculture:recipes/tools/stone_fillet_knife": {
    "criteria": {
      "has_items": "2023-11-08 21:29:50 -0500"
    },
    "done": true
  },
  "rats:recipes/tools/patrol_stick": {
    "criteria": {
      "has_stick": "2023-11-08 21:23:52 -0500"
    },
    "done": true
  },
  "aether_redux:recipes/transportation/glacia_boat": {
    "criteria": {
      "in_water": "2023-11-08 21:29:42 -0500"
    },
    "done": true
  },
  "handcrafted:recipes/misc/skeleton_horse_trophy": {
    "criteria": {
      "has_skeleton_horse_trophy": "2023-11-08 21:23:25 -0500"
    },
    "done": true
  },
  "aether:recipes/combat/golden_pendant": {
    "criteria": {
      "has_gold_ingot": "2023-11-08 21:54:35 -0500"
    },
    "done": true
  },
  "rats:recipes/tools/rat_flute": {
    "criteria": {
      "has_cane": "2023-11-08 21:32:28 -0500"
    },
    "done": true
  },
  "regions_unexplored:recipes/redstone/redstone_bud": {
    "criteria": {
      "has_redstone": "2023-11-08 21:41:09 -0500"
    },
    "done": true
  },
  "aquaculture:recipes/misc/tin_can_to_iron_nugget": {
    "criteria": {
      "has_items": "2023-11-08 21:21:29 -0500"
    },
    "done": true
  },
  "handcrafted:recipes/misc/wither_skeleton_trophy": {
    "criteria": {
      "has_wither_skeleton_trophy": "2023-11-08 21:23:25 -0500"
    },
    "done": true
  },
  "regions_unexplored:recipes/transportation/joshua_boat": {
    "criteria": {
      "in_water": "2023-11-08 21:29:42 -0500"
    },
    "done": true
  },
  "minecraft:recipes/transportation/dark_oak_boat": {
    "criteria": {
      "in_water": "2023-11-08 21:29:42 -0500"
    },
    "done": true
  },
  "minecraft:recipes/redstone/piston": {
    "criteria": {
      "has_redstone": "2023-11-08 21:41:09 -0500"
    },
    "done": true
  },
  "regions_unexplored:recipes/building_blocks/lime_painted_planks": {
    "criteria": {
      "has_planks": "2023-11-08 21:23:25 -0500"
    },
    "done": true
  },
  "regions_unexplored:recipes/transportation/mauve_chest_boat": {
    "criteria": {
      "has_boat": "2023-11-08 21:41:25 -0500"
    },
    "done": true
  },
  "handcrafted:recipes/misc/oak_nightstand": {
    "criteria": {
      "has_oak_nightstand": "2023-11-08 22:03:39 -0500"
    },
    "done": true
  },
  "regions_unexplored:recipes/decorations/blackwood_sign": {
    "criteria": {
      "has_blackwood_planks": "2023-11-08 21:23:25 -0500"
    },
    "done": true
  },
  "rats:recipes/misc/upgrades/armor_upgrade": {
    "criteria": {
      "has_shield": "2023-11-08 21:35:36 -0500"
    },
    "done": true
  },
  "regions_unexplored:recipes/transportation/blackwood_chest_boat": {
    "criteria": {
      "has_boat": "2023-11-08 21:41:25 -0500"
    },
    "done": true
  },
  "twigs:recipes/bamboo_mat": {
    "criteria": {
      "has_bamboo": "2023-11-08 22:09:13 -0500"
    },
    "done": true
  },
  "minecraft:recipes/tools/golden_axe": {
    "criteria": {
      "has_gold_ingot": "2023-11-08 21:54:35 -0500"
    },
    "done": true
  },
  "rats:recipes/transportation/pirat_boat": {
    "criteria": {
      "in_water": "2023-11-08 21:29:42 -0500"
    },
    "done": true
  },
  "supplementaries:recipes/crank": {
    "criteria": {
      "forge:rods/wooden": "2023-11-08 21:23:52 -0500"
    },
    "done": true
  },
  "minecraft:recipes/decorations/oak_sign": {
    "criteria": {
      "has_planks": "2023-11-08 22:03:39 -0500"
    },
    "done": true
  },
  "minecraft:recipes/tools/golden_pickaxe": {
    "criteria": {
      "has_gold_ingot": "2023-11-08 21:54:35 -0500"
    },
    "done": true
  },
  "aquaculture:recipes/decorations/birch_fish_mount": {
    "criteria": {
      "has_items": "2023-11-08 21:21:29 -0500"
    },
    "done": true
  },
  "twigs:recipes/cobblestone_bricks/cobblestone_brick_wall_from_cobblestone_stonecutting": {
    "criteria": {
      "has_item": "2023-11-08 21:29:50 -0500"
    },
    "done": true
  },
  "ae2wtlib:recipes/magnet_card": {
    "criteria": {
      "has_wct": "2023-11-08 21:21:29 -0500"
    },
    "done": true
  },
  "supplementaries:recipes/flags/flag_orange": {
    "criteria": {
      "has_stick": "2023-11-08 21:23:52 -0500"
    },
    "done": true
  },
  "minecraft:story/mine_stone": {
    "criteria": {
      "get_stone": "2023-11-08 21:29:50 -0500"
    },
    "done": true
  },
  "minecraft:recipes/decorations/furnace": {
    "criteria": {
      "has_cobblestone": "2023-11-08 21:29:50 -0500"
    },
    "done": true
  },
  "minecraft:recipes/redstone/redstone_torch": {
    "criteria": {
      "has_redstone": "2023-11-08 21:41:09 -0500"
    },
    "done": true
  },
  "handcrafted:recipes/misc/oak_fancy_bed": {
    "criteria": {
      "has_oak_fancy_bed": "2023-11-08 22:03:39 -0500"
    },
    "done": true
  },
  "create:recipes/misc/crafting/logistics/pulse_extender": {
    "criteria": {
      "has_item": "2023-11-08 21:41:09 -0500"
    },
    "done": true
  },
  "supplementaries:recipes/lock_block": {
    "criteria": {
      "minecraft:planks": "2023-11-08 21:23:26 -0500"
    },
    "done": true
  },
  "aether:recipes/tools/stone_pickaxe_repairing": {
    "criteria": {
      "has_stone_pickaxe": "2023-11-08 21:31:32 -0500"
    },
    "done": true
  },
  "create:recipes/misc/crafting/appliances/crafting_blueprint": {
    "criteria": {
      "has_item": "2023-11-08 21:23:29 -0500"
    },
    "done": true
  },
  "aquaculture:recipes/misc/iron_nugget_from_smelting": {
    "criteria": {
      "has_fishing_rod": "2023-11-08 21:21:29 -0500",
      "has_fillet_knife": "2023-11-08 21:21:29 -0500"
    },
    "done": true
  },
  "create:recipes/building_blocks/cut_granite_slab_from_stone_types_granite_stonecutting": {
    "criteria": {
      "has_stone_types_granite": "2023-11-08 21:41:01 -0500"
    },
    "done": true
  },
  "naturescompass:natures_compass": {
    "criteria": {
      "has_recipe": "2023-11-08 21:22:57 -0500"
    },
    "done": true
  },
  "rats:recipes/building_blocks/rat_crafting_table": {
    "criteria": {
      "has_table": "2023-11-08 21:23:29 -0500"
    },
    "done": true
  },
  "aquaculture:recipes/tools/golden_fishing_rod": {
    "criteria": {
      "has_vanilla_rod": "2023-11-08 21:21:29 -0500"
    },
    "done": true
  },
  "rats:recipes/misc/upgrades/ender_upgrade": {
    "criteria": {
      "has_pearl": "2023-11-08 21:35:47 -0500"
    },
    "done": true
  },
  "handcrafted:recipes/misc/oak_table": {
    "criteria": {
      "has_oak_table": "2023-11-08 22:03:39 -0500"
    },
    "done": true
  },
  "minecraft:recipes/transportation/jungle_chest_boat": {
    "criteria": {
      "has_boat": "2023-11-08 21:41:25 -0500"
    },
    "done": true
  },
  "aquaculture:recipes/misc/gold_nugget_from_smelting": {
    "criteria": {
      "has_fishing_rod": "2023-11-08 21:21:29 -0500",
      "has_fillet_knife": "2023-11-08 21:21:29 -0500"
    },
    "done": true
  },
  "regions_unexplored:recipes/decorations/dark_oak_branch_from_dark_oak_log": {
    "criteria": {
      "has_log": "2023-11-08 21:24:31 -0500"
    },
    "done": true
  },
  "handcrafted:recipes/misc/oak_corner_trim": {
    "criteria": {
      "has_oak_corner_trim": "2023-11-08 22:03:39 -0500"
    },
    "done": true
  },
  "minecraft:recipes/building_blocks/cobblestone_slab_from_cobblestone_stonecutting": {
    "criteria": {
      "has_cobblestone": "2023-11-08 21:29:50 -0500"
    },
    "done": true
  },
  "forbidden_arcanus:recipes/tools/golden_blacksmith_gavel": {
    "criteria": {
      "has_ingots/gold": "2023-11-08 21:54:35 -0500"
    },
    "done": true
  },
  "minecraft:adventure/kill_all_mobs": {
    "criteria": {
      "minecraft:skeleton": "2023-11-08 21:29:36 -0500",
      "minecraft:spider": "2023-11-08 21:55:30 -0500",
      "minecraft:zombie": "2023-11-08 21:25:33 -0500"
    },
    "done": false
  },
  "rats:recipes/transportation/pirat_chest_boat": {
    "criteria": {
      "has_boat": "2023-11-08 21:41:25 -0500"
    },
    "done": true
  },
  "beautify:progression/root": {
    "criteria": {
      "Install": "2023-11-08 21:21:29 -0500"
    },
    "done": true
  },
  "biomesoplenty:recipes/transportation/umbran_boat": {
    "criteria": {
      "in_water": "2023-11-08 21:29:42 -0500"
    },
    "done": true
  },
  "aether:recipes/redstone/skyroot_note_block": {
    "criteria": {
      "has_redstone": "2023-11-08 21:41:09 -0500"
    },
    "done": true
  },
  "create:recipes/misc/crafting/logistics/pulse_repeater": {
    "criteria": {
      "has_item": "2023-11-08 21:41:09 -0500"
    },
    "done": true
  },
  "xnet:recipes/xnet/connector_yellow_dye": {
    "criteria": {
      "chest": "2023-11-08 21:35:02 -0500"
    },
    "done": true
  },
  "minecraft:recipes/building_blocks/stone": {
    "criteria": {
      "has_cobblestone": "2023-11-08 21:29:50 -0500"
    },
    "done": true
  },
  "minecraft:recipes/transportation/bamboo_raft": {
    "criteria": {
      "in_water": "2023-11-08 21:29:42 -0500"
    },
    "done": true
  },
  "supplementaries:recipes/bomb": {
    "criteria": {
      "has_string": "2023-11-08 21:54:37 -0500"
    },
    "done": true
  },
  "aquaculture:recipes/misc/bonemeal_from_fish_bones": {
    "criteria": {
      "has_items": "2023-11-08 21:21:29 -0500"
    },
    "done": true
  },
  "xnet:recipes/xnet/connector_green": {
    "criteria": {
      "chest": "2023-11-08 21:35:02 -0500"
    },
    "done": true
  },
  "xnet:recipes/xnet/connector_red_dye": {
    "criteria": {
      "chest": "2023-11-08 21:35:02 -0500"
    },
    "done": true
  },
  "rats:recipes/combat/chef_toque": {
    "criteria": {
      "has_string": "2023-11-08 21:54:37 -0500"
    },
    "done": true
  },
  "biomesoplenty:recipes/transportation/palm_chest_boat": {
    "criteria": {
      "has_boat": "2023-11-08 21:41:25 -0500"
    },
    "done": true
  },
  "rats:recipes/decorations/air_raid_siren": {
    "criteria": {
      "has_stick": "2023-11-08 21:23:52 -0500"
    },
    "done": true
  },
  "minecraft:recipes/building_blocks/polished_granite_from_granite_stonecutting": {
    "criteria": {
      "has_granite": "2023-11-08 21:41:01 -0500"
    },
    "done": true
  },
  "aether:recipes/tools/wooden_pickaxe_repairing": {
    "criteria": {
      "has_wooden_pickaxe": "2023-11-08 21:24:04 -0500"
    },
    "done": true
  },
  "regions_unexplored:recipes/building_blocks/black_painted_planks": {
    "criteria": {
      "has_planks": "2023-11-08 21:23:25 -0500"
    },
    "done": true
  },
  "minecraft:recipes/redstone/target": {
    "criteria": {
      "has_redstone": "2023-11-08 21:41:09 -0500"
    },
    "done": true
  },
  "aether_redux:recipes/transportation/fieldsprout_chest_boat": {
    "criteria": {
      "has_boat": "2023-11-08 21:41:25 -0500"
    },
    "done": true
  },
  "handcrafted:recipes/misc/salmon_trophy": {
    "criteria": {
      "has_salmon_trophy": "2023-11-08 21:23:25 -0500"
    },
    "done": true
  },
  "aether:recipes/combat/shield_repairing": {
    "criteria": {
      "has_shield": "2023-11-08 21:35:36 -0500"
    },
    "done": true
  },
  "rats:recipes/misc/hammocks/rat_hammock_light_gray": {
    "criteria": {
      "has_string": "2023-11-08 21:54:37 -0500"
    },
    "done": true
  },
  "regions_unexplored:recipes/transportation/kapok_boat": {
    "criteria": {
      "in_water": "2023-11-08 21:29:42 -0500"
    },
    "done": true
  },
  "handcrafted:recipes/misc/silverfish_trophy": {
    "criteria": {
      "has_silverfish_trophy": "2023-11-08 21:23:25 -0500"
    },
    "done": true
  },
  "minecraft:recipes/redstone/light_weighted_pressure_plate": {
    "criteria": {
      "has_gold_ingot": "2023-11-08 21:54:35 -0500"
    },
    "done": true
  },
  "handcrafted:recipes/misc/dark_oak_nightstand": {
    "criteria": {
      "has_dark_oak_nightstand": "2023-11-08 21:26:30 -0500"
    },
    "done": true
  },
  "regions_unexplored:recipes/transportation/cypress_boat": {
    "criteria": {
      "in_water": "2023-11-08 21:29:42 -0500"
    },
    "done": true
  },
  "rats:recipes/misc/hammocks/rat_hammock_purple": {
    "criteria": {
      "has_string": "2023-11-08 21:54:37 -0500"
    },
    "done": true
  },
  "ae2:recipes/misc/network/cells/fluid_cell_housing": {
    "criteria": {
      "has_dusts/redstone": "2023-11-08 21:41:09 -0500"
    },
    "done": true
  },
  "minecraft:recipes/tools/compass": {
    "criteria": {
      "has_redstone": "2023-11-08 21:41:09 -0500"
    },
    "done": true
  },
  "rats:recipes/combat/fisherman_hat": {
    "criteria": {
      "has_string": "2023-11-08 21:54:37 -0500"
    },
    "done": true
  },
  "utilitix:recipes/misc/experience_crystal": {
    "criteria": {
      "criterion1": "2023-11-08 21:42:34 -0500"
    },
    "done": true
  },
  "handcrafted:recipes/misc/dark_oak_shelf": {
    "criteria": {
      "has_dark_oak_shelf": "2023-11-08 21:26:30 -0500"
    },
    "done": true
  },
  "xnet:recipes/xnet/netcable_blue_dye": {
    "criteria": {
      "chest": "2023-11-08 21:35:02 -0500"
    },
    "done": true
  },
  "minecraft:recipes/food/dried_kelp_from_smoking": {
    "criteria": {
      "has_kelp": "2023-11-08 21:49:18 -0500"
    },
    "done": true
  },
  "handcrafted:recipes/misc/dark_oak_dining_bench": {
    "criteria": {
      "has_dark_oak_dining_bench": "2023-11-08 21:26:30 -0500"
    },
    "done": true
  },
  "ironchest:recipes/decorations/chests/vanilla_dirt_chest": {
    "criteria": {
      "has_iron_ingot": "2023-11-08 21:34:27 -0500"
    },
    "done": true
  },
  "utilitix:recipes/misc/dimmable_redstone_lamp": {
    "criteria": {
      "criterion1": "2023-11-08 21:41:09 -0500"
    },
    "done": true
  },
  "decorative_blocks:recipes/decorative_blocks.general/oak_support": {
    "criteria": {
      "has_plank": "2023-11-08 22:03:39 -0500"
    },
    "done": true
  },
  "aquaculture:recipes/misc/brown_mushroom_from_fish": {
    "criteria": {
      "has_items": "2023-11-08 21:21:29 -0500"
    },
    "done": true
  },
  "lootr:social": {
    "criteria": {
      "opened_barrel": "2023-11-08 21:42:27 -0500",
      "opened_chest": "2023-11-08 21:29:16 -0500"
    },
    "done": false
  },
  "minecraft:recipes/building_blocks/granite_stairs": {
    "criteria": {
      "has_granite": "2023-11-08 21:41:01 -0500"
    },
    "done": true
  },
  "deeperdarker:recipes/transportation/echo_chest_boat": {
    "criteria": {
      "has_boat": "2023-11-08 21:41:25 -0500"
    },
    "done": true
  },
  "regions_unexplored:recipes/decorations/blackwood_fence": {
    "criteria": {
      "has_blackwood_planks": "2023-11-08 21:23:25 -0500"
    },
    "done": true
  },
  "minecraft:recipes/transportation/bamboo_chest_raft": {
    "criteria": {
      "has_boat": "2023-11-08 21:41:25 -0500"
    },
    "done": true
  },
  "supplementaries:recipes/flags/flag_pink": {
    "criteria": {
      "has_stick": "2023-11-08 21:23:52 -0500"
    },
    "done": true
  },
  "minecraft:recipes/building_blocks/granite_stairs_from_granite_stonecutting": {
    "criteria": {
      "has_granite": "2023-11-08 21:41:01 -0500"
    },
    "done": true
  },
  "ae2wtlib:recipes/wireless_universal_terminal/upgrade_pattern_encoding": {
    "criteria": {
      "has_wpt": "2023-11-08 21:21:29 -0500"
    },
    "done": true
  },
  "ae2wtlib:recipes/wireless_universal_terminal/ce": {
    "criteria": {
      "has_wpt": "2023-11-08 21:21:29 -0500",
      "has_wct": "2023-11-08 21:21:29 -0500"
    },
    "done": true
  },
  "minecraft:recipes/tools/stone_pickaxe": {
    "criteria": {
      "has_cobblestone": "2023-11-08 21:29:50 -0500"
    },
    "done": true
  },
  "ae2wtlib:recipes/wireless_universal_terminal/ca": {
    "criteria": {
      "has_wit": "2023-11-08 21:21:29 -0500",
      "has_wct": "2023-11-08 21:21:29 -0500"
    },
    "done": true
  },
  "regions_unexplored:recipes/transportation/larch_boat": {
    "criteria": {
      "in_water": "2023-11-08 21:29:42 -0500"
    },
    "done": true
  },
  "supplementaries:recipes/timber_frame": {
    "criteria": {
      "forge:rods/wooden": "2023-11-08 21:23:52 -0500"
    },
    "done": true
  },
  "aquaculture:recipes/tools/wooden_fillet_knife": {
    "criteria": {
      "has_items": "2023-11-08 21:23:52 -0500"
    },
    "done": true
  },
  "minecraft:recipes/tools/wooden_hoe": {
    "criteria": {
      "has_stick": "2023-11-08 21:23:52 -0500"
    },
    "done": true
  },
  "handcrafted:recipes/misc/oak_dining_bench": {
    "criteria": {
      "has_oak_dining_bench": "2023-11-08 22:03:39 -0500"
    },
    "done": true
  },
  "ae2wtlib:recipes/wireless_universal_terminal/ae": {
    "criteria": {
      "has_wit": "2023-11-08 21:21:29 -0500",
      "has_wpt": "2023-11-08 21:21:29 -0500"
    },
    "done": true
  },
  "minecraft:recipes/decorations/granite_wall": {
    "criteria": {
      "has_granite": "2023-11-08 21:41:01 -0500"
    },
    "done": true
  },
  "supplementaries:recipes/redstone_illuminator": {
    "criteria": {
      "has_redstone": "2023-11-08 21:41:09 -0500"
    },
    "done": true
  },
  "sophisticatedstorage:recipes/misc/oak_chest": {
    "criteria": {
      "has_oak_plank": "2023-11-08 22:03:39 -0500"
    },
    "done": true
  },
  "minecraft:recipes/redstone/oak_fence_gate": {
    "criteria": {
      "has_planks": "2023-11-08 22:03:39 -0500"
    },
    "done": true
  },
  "handcrafted:recipes/misc/oak_desk": {
    "criteria": {
      "has_oak_desk": "2023-11-08 22:03:39 -0500"
    },
    "done": true
  },
  "minecraft:recipes/misc/charcoal": {
    "criteria": {
      "has_log": "2023-11-08 21:22:57 -0500"
    },
    "done": true
  },
  "minecraft:recipes/building_blocks/polished_granite_slab_from_granite_stonecutting": {
    "criteria": {
      "has_granite": "2023-11-08 21:41:01 -0500"
    },
    "done": true
  },
  "biomesoplenty:recipes/transportation/hellbark_chest_boat": {
    "criteria": {
      "has_boat": "2023-11-08 21:41:25 -0500"
    },
    "done": true
  },
  "regions_unexplored:recipes/transportation/willow_chest_boat": {
    "criteria": {
      "has_boat": "2023-11-08 21:41:25 -0500"
    },
    "done": true
  },
  "naturescompass:natures_compass_log": {
    "criteria": {
      "has_log": "2023-11-08 21:22:57 -0500"
    },
    "done": true
  },
  "rats:recipes/misc/upgrades/jury_rigged_upgrade": {
    "criteria": {
      "has_string": "2023-11-08 21:54:37 -0500"
    },
    "done": true
  },
  "aquaculture:recipes/misc/neptinium_ingot_from_blasting": {
    "criteria": {
      "has_leggings": "2023-11-08 21:21:29 -0500",
      "has_axe": "2023-11-08 21:21:29 -0500",
      "has_helmet": "2023-11-08 21:21:29 -0500",
      "has_fishing_rod": "2023-11-08 21:21:29 -0500",
      "has_bow": "2023-11-08 21:21:29 -0500",
      "has_chestplate": "2023-11-08 21:21:29 -0500",
      "has_sword": "2023-11-08 21:21:29 -0500",
      "has_fillet_knife": "2023-11-08 21:21:29 -0500",
      "has_shovel": "2023-11-08 21:21:29 -0500",
      "has_hoe": "2023-11-08 21:21:29 -0500",
      "has_boots": "2023-11-08 21:21:29 -0500",
      "has_pickaxe": "2023-11-08 21:21:29 -0500"
    },
    "done": true
  },
  "handcrafted:recipes/misc/dark_oak_cupboard": {
    "criteria": {
      "has_dark_oak_cupboard": "2023-11-08 21:26:30 -0500"
    },
    "done": true
  },
  "enderio:recipes/misc/wood_gear_corner": {
    "criteria": {
      "has_ingredient": "2023-11-08 21:23:52 -0500"
    },
    "done": true
  },
  "supplementaries:recipes/slingshot": {
    "criteria": {
      "forge:rods/wooden": "2023-11-08 21:23:52 -0500"
    },
    "done": true
  },
  "regions_unexplored:recipes/decorations/oak_branch_from_oak_log": {
    "criteria": {
      "has_log": "2023-11-08 22:03:16 -0500"
    },
    "done": true
  },
  "regions_unexplored:recipes/building_blocks/blue_painted_planks": {
    "criteria": {
      "has_planks": "2023-11-08 21:23:25 -0500"
    },
    "done": true
  },
  "aquaculture:recipes/decorations/dark_oak_fish_mount": {
    "criteria": {
      "has_items": "2023-11-08 21:21:29 -0500"
    },
    "done": true
  },
  "create:recipes/building_blocks/granite_pillar_from_stone_types_granite_stonecutting": {
    "criteria": {
      "has_stone_types_granite": "2023-11-08 21:41:01 -0500"
    },
    "done": true
  },
  "create:recipes/building_blocks/polished_cut_granite_wall_from_stone_types_granite_stonecutting": {
    "criteria": {
      "has_stone_types_granite": "2023-11-08 21:41:01 -0500"
    },
    "done": true
  },
  "minecraft:recipes/tools/wooden_shovel": {
    "criteria": {
      "has_stick": "2023-11-08 21:23:52 -0500"
    },
    "done": true
  },
  "regions_unexplored:recipes/decorations/blackwood_branch_from_blackwood_log": {
    "criteria": {
      "has_log": "2023-11-08 21:22:57 -0500"
    },
    "done": true
  },
  "rats:recipes/misc/hammocks/rat_hammock_blue": {
    "criteria": {
      "has_string": "2023-11-08 21:54:37 -0500"
    },
    "done": true
  },
  "sophisticatedstorage:recipes/misc/oak_chest_from_vanilla_chest": {
    "criteria": {
      "has_vanilla_chest": "2023-11-08 21:35:02 -0500"
    },
    "done": true
  },
  "minecraft:adventure/root": {
    "criteria": {
      "killed_something": "2023-11-08 21:25:33 -0500"
    },
    "done": true
  },
  "rats:recipes/misc/upgrades/health_upgrade": {
    "criteria": {
      "has_bread": "2023-11-08 21:21:29 -0500"
    },
    "done": true
  },
  "minecraft:recipes/redstone/redstone_block": {
    "criteria": {
      "has_redstone": "2023-11-08 21:41:09 -0500"
    },
    "done": true
  },
  "supplementaries:recipes/clock_block": {
    "criteria": {
      "minecraft:planks": "2023-11-08 21:23:25 -0500"
    },
    "done": true
  },
  "rats:recipes/misc/hammocks/rat_hammock_lime": {
    "criteria": {
      "has_string": "2023-11-08 21:54:37 -0500"
    },
    "done": true
  },
  "utilitix:recipes/misc/hand_bell": {
    "criteria": {
      "criterion0": "2023-11-08 21:23:52 -0500"
    },
    "done": true
  },
  "rats:recipes/misc/archeologist/gem_of_ratlantis": {
    "criteria": {
      "has_input": "2023-11-08 21:42:34 -0500"
    },
    "done": true
  },
  "aquaculture:recipes/aquaculture/diamond_hook": {
    "criteria": {
      "has_items": "2023-11-08 21:21:29 -0500"
    },
    "done": true
  },
  "minecraft:recipes/combat/crossbow": {
    "criteria": {
      "has_string": "2023-11-08 21:54:37 -0500"
    },
    "done": true
  },
  "aquaculture:recipes/food/sushi": {
    "criteria": {
      "has_alt_items": "2023-11-08 21:21:29 -0500",
      "has_items": "2023-11-08 21:21:29 -0500"
    },
    "done": true
  },
  "regions_unexplored:recipes/transportation/kapok_chest_boat": {
    "criteria": {
      "has_boat": "2023-11-08 21:41:25 -0500"
    },
    "done": true
  },
  "aether:recipes/combat/stone_sword_repairing": {
    "criteria": {
      "has_stone_sword": "2023-11-08 21:31:25 -0500"
    },
    "done": true
  },
  "minecraft:recipes/decorations/barrel": {
    "criteria": {
      "has_planks": "2023-11-08 21:23:26 -0500"
    },
    "done": true
  },
  "rats:recipes/misc/upgrades/dj_upgrade": {
    "criteria": {
      "has_planks": "2023-11-08 21:23:25 -0500"
    },
    "done": true
  },
  "utilitix:recipes/misc/dark_oak_shulker_boat": {
    "criteria": {
      "criterion17": "2023-11-08 21:41:25 -0500"
    },
    "done": true
  },
  "utilitix:recipes/misc/comparator_redirector_up": {
    "criteria": {
      "criterion1": "2023-11-08 21:29:50 -0500"
    },
    "done": true
  },
  "rats:recipes/misc/upgrades/aristocrat_upgrade": {
    "criteria": {
      "has_gold": "2023-11-08 21:54:35 -0500"
    },
    "done": true
  },
  "georenouveau:recipes/misc/redstone_geore_dowsing_rod": {
    "criteria": {
      "has_ore": "2023-11-08 21:41:09 -0500"
    },
    "done": true
  },
  "xnet:recipes/xnet/advanced_connector_green_dye": {
    "criteria": {
      "chest": "2023-11-08 21:35:02 -0500"
    },
    "done": true
  },
  "aquaculture:recipes/misc/red_mushroom_from_fish": {
    "criteria": {
      "has_items": "2023-11-08 21:21:29 -0500"
    },
    "done": true
  },
  "xnet:recipes/xnet/advanced_connector_green": {
    "criteria": {
      "chest": "2023-11-08 21:35:02 -0500"
    },
    "done": true
  },
  "twigs:recipes/tables/dark_oak_table": {
    "criteria": {
      "has_bamboo": "2023-11-08 21:26:30 -0500"
    },
    "done": true
  },
  "aquaculture:recipes/building_blocks/planks_from_driftwood": {
    "criteria": {
      "has_items": "2023-11-08 21:21:29 -0500"
    },
    "done": true
  },
  "supplementaries:recipes/sack": {
    "criteria": {
      "has_string": "2023-11-08 21:54:37 -0500"
    },
    "done": true
  },
  "minecraft:recipes/decorations/dark_oak_sign": {
    "criteria": {
      "has_planks": "2023-11-08 21:26:30 -0500"
    },
    "done": true
  },
  "minecraft:recipes/tools/stone_shovel": {
    "criteria": {
      "has_cobblestone": "2023-11-08 21:29:50 -0500"
    },
    "done": true
  },
  "minecraft:recipes/building_blocks/oak_wood": {
    "criteria": {
      "has_log": "2023-11-08 22:03:16 -0500"
    },
    "done": true
  },
  "ae2wtlib:recipes/quantum_bridge_card": {
    "criteria": {
      "has_wit": "2023-11-08 21:21:29 -0500",
      "has_wpt": "2023-11-08 21:21:29 -0500",
      "has_wct": "2023-11-08 21:21:29 -0500"
    },
    "done": true
  },
  "modularrouters:recipes/misc/blank_module": {
    "criteria": {
      "has_redstone": "2023-11-08 21:41:09 -0500"
    },
    "done": true
  },
  "regions_unexplored:parent": {
    "criteria": {
      "load_in_world": "2023-11-08 21:21:29 -0500"
    },
    "done": true
  },
  "rats:recipes/misc/upgrades/archeologist_upgrade": {
    "criteria": {
      "has_bone": "2023-11-08 21:29:36 -0500"
    },
    "done": true
  },
  "regions_unexplored:recipes/building_blocks/gray_painted_planks": {
    "criteria": {
      "has_planks": "2023-11-08 21:23:25 -0500"
    },
    "done": true
  },
  "rats:recipes/misc/upgrades/gardener_upgrade": {
    "criteria": {
      "has_seeds": "2023-11-08 21:32:47 -0500"
    },
    "done": true
  },
  "regions_unexplored:recipes/transportation/blackwood_boat": {
    "criteria": {
      "in_water": "2023-11-08 21:29:42 -0500"
    },
    "done": true
  },
  "ae2:recipes/misc/network/blocks/crank": {
    "criteria": {
      "has_stick": "2023-11-08 21:23:52 -0500"
    },
    "done": true
  },
  "xnet:recipes/xnet/connector_green_dye": {
    "criteria": {
      "chest": "2023-11-08 21:35:02 -0500"
    },
    "done": true
  },
  "lootr:1chest": {
    "criteria": {
      "opened_chest": "2023-11-08 21:29:16 -0500"
    },
    "done": true
  },
  "regions_unexplored:recipes/transportation/socotra_chest_boat": {
    "criteria": {
      "has_boat": "2023-11-08 21:41:25 -0500"
    },
    "done": true
  },
  "rats:recipes/misc/upgrades/disenchanter_upgrade": {
    "criteria": {
      "has_shelf": "2023-11-08 21:41:01 -0500"
    },
    "done": true
  },
  "aquaculture:recipes/aquaculture/worm_farm": {
    "criteria": {
      "has_items": "2023-11-08 21:21:29 -0500"
    },
    "done": true
  },
  "handcrafted:recipes/misc/dark_oak_corner_trim": {
    "criteria": {
      "has_dark_oak_corner_trim": "2023-11-08 21:26:30 -0500"
    },
    "done": true
  },
  "rats:recipes/misc/golden_rat_skull": {
    "criteria": {
      "has_gold": "2023-11-08 21:54:35 -0500"
    },
    "done": true
  },
  "xnet:recipes/xnet/advanced_connector_yellow_dye": {
    "criteria": {
      "chest": "2023-11-08 21:35:02 -0500"
    },
    "done": true
  },
  "rats:recipes/tools/cheese_stick": {
    "criteria": {
      "has_stick": "2023-11-08 21:23:52 -0500"
    },
    "done": true
  },
  "minecraft:recipes/redstone/dark_oak_fence_gate": {
    "criteria": {
      "has_planks": "2023-11-08 21:26:30 -0500"
    },
    "done": true
  },
  "aether_redux:recipes/transportation/crystal_boat": {
    "criteria": {
      "in_water": "2023-11-08 21:29:42 -0500"
    },
    "done": true
  },
  "rats:recipes/misc/hammocks/rat_hammock_black": {
    "criteria": {
      "has_string": "2023-11-08 21:54:37 -0500"
    },
    "done": true
  },
  "regions_unexplored:recipes/transportation/palm_chest_boat": {
    "criteria": {
      "has_boat": "2023-11-08 21:41:25 -0500"
    },
    "done": true
  },
  "minecraft:recipes/redstone/dark_oak_trapdoor": {
    "criteria": {
      "has_planks": "2023-11-08 21:26:30 -0500"
    },
    "done": true
  },
  "regions_unexplored:recipes/transportation/eucalyptus_boat": {
    "criteria": {
      "in_water": "2023-11-08 21:29:42 -0500"
    },
    "done": true
  },
  "aquaculture:recipes/aquaculture/note_hook": {
    "criteria": {
      "has_items": "2023-11-08 21:21:29 -0500"
    },
    "done": true
  },
  "create:recipes/building_blocks/cut_granite_brick_wall_from_stone_types_granite_stonecutting": {
    "criteria": {
      "has_stone_types_granite": "2023-11-08 21:41:01 -0500"
    },
    "done": true
  },
  "supplementaries:recipes/flags/flag_brown": {
    "criteria": {
      "has_stick": "2023-11-08 21:23:52 -0500"
    },
    "done": true
  },
  "aquaculture:recipes/food/cooked_fish_fillet_from_campfire": {
    "criteria": {
      "has_items": "2023-11-08 21:21:29 -0500"
    },
    "done": true
  },
  "farmersdelight:recipes/combat/flint_knife": {
    "criteria": {
      "has_stick": "2023-11-08 21:23:52 -0500"
    },
    "done": true
  },
  "decorative_blocks:recipes/decorative_blocks.general/oak_palisade": {
    "criteria": {
      "has_log": "2023-11-08 22:03:16 -0500"
    },
    "done": true
  },
  "supplementaries:recipes/flower_box": {
    "criteria": {
      "has_dirt": "2023-11-08 21:34:27 -0500"
    },
    "done": true
  },
  "regions_unexplored:recipes/redstone/blackwood_trapdoor": {
    "criteria": {
      "has_blackwood_planks": "2023-11-08 21:23:25 -0500"
    },
    "done": true
  },
  "create:recipes/building_blocks/polished_cut_granite_stairs_from_stone_types_granite_stonecutting": {
    "criteria": {
      "has_stone_types_granite": "2023-11-08 21:41:01 -0500"
    },
    "done": true
  },
  "minecraft:recipes/tools/clock": {
    "criteria": {
      "has_redstone": "2023-11-08 21:41:09 -0500"
    },
    "done": true
  },
  "minecraft:recipes/food/baked_potato": {
    "criteria": {
      "has_potato": "2023-11-08 21:41:04 -0500"
    },
    "done": true
  },
  "suppsquared:recipes/decorations/regions_unexplored/item_shelf_blackwood": {
    "criteria": {
      "has_planks": "2023-11-08 21:23:25 -0500"
    },
    "done": true
  },
  "create:recipes/building_blocks/layered_granite_from_stone_types_granite_stonecutting": {
    "criteria": {
      "has_stone_types_granite": "2023-11-08 21:41:01 -0500"
    },
    "done": true
  },
  "sophisticatedstorage:recipes/misc/oak_barrel": {
    "criteria": {
      "has_oak_plank": "2023-11-08 22:03:39 -0500"
    },
    "done": true
  },
  "aquaculture:recipes/aquaculture/gold_hook": {
    "criteria": {
      "has_items": "2023-11-08 21:21:29 -0500"
    },
    "done": true
  },
  "decorative_blocks:recipes/decorative_blocks.general/oak_seat": {
    "criteria": {
      "has_plank": "2023-11-08 22:03:39 -0500"
    },
    "done": true
  },
  "regions_unexplored:recipes/building_blocks/white_painted_planks": {
    "criteria": {
      "has_planks": "2023-11-08 21:23:25 -0500"
    },
    "done": true
  },
  "forbidden_arcanus:recipes/building_blocks/edelwood_ladder": {
    "criteria": {
      "has_rods/wooden": "2023-11-08 21:23:52 -0500"
    },
    "done": true
  },
  "minecraft:recipes/tools/fishing_rod": {
    "criteria": {
      "has_string": "2023-11-08 21:54:37 -0500"
    },
    "done": true
  },
  "handcrafted:recipes/misc/dark_oak_counter": {
    "criteria": {
      "has_dark_oak_counter": "2023-11-08 21:26:30 -0500"
    },
    "done": true
  },
  "regions_unexplored:recipes/redstone/raw_redstone_block": {
    "criteria": {
      "has_redstone": "2023-11-08 21:41:09 -0500"
    },
    "done": true
  },
  "minecraft:recipes/redstone/dark_oak_button": {
    "criteria": {
      "has_planks": "2023-11-08 21:26:30 -0500"
    },
    "done": true
  },
  "regions_unexplored:recipes/transportation/palm_boat": {
    "criteria": {
      "in_water": "2023-11-08 21:29:42 -0500"
    },
    "done": true
  },
  "regions_unexplored:recipes/building_blocks/blackwood_stairs": {
    "criteria": {
      "has_blackwood_planks": "2023-11-08 21:23:25 -0500"
    },
    "done": true
  },
  "aether_redux:recipes/transportation/blightwillow_boat": {
    "criteria": {
      "in_water": "2023-11-08 21:29:42 -0500"
    },
    "done": true
  },
  "aquaculture:recipes/decorations/spruce_fish_mount": {
    "criteria": {
      "has_items": "2023-11-08 21:21:29 -0500"
    },
    "done": true
  },
  "minecraft:recipes/transportation/acacia_chest_boat": {
    "criteria": {
      "has_boat": "2023-11-08 21:41:25 -0500"
    },
    "done": true
  },
  "minecraft:recipes/building_blocks/oak_stairs": {
    "criteria": {
      "has_planks": "2023-11-08 22:03:39 -0500"
    },
    "done": true
  },
  "biomesoplenty:recipes/transportation/magic_chest_boat": {
    "criteria": {
      "has_boat": "2023-11-08 21:41:25 -0500"
    },
    "done": true
  },
  "minecraft:recipes/decorations/oak_fence": {
    "criteria": {
      "has_planks": "2023-11-08 22:03:39 -0500"
    },
    "done": true
  },
  "regions_unexplored:recipes/building_blocks/light_blue_painted_planks": {
    "criteria": {
      "has_planks": "2023-11-08 21:23:26 -0500"
    },
    "done": true
  },
  "xnet:recipes/xnet/advanced_connector_routing": {
    "criteria": {
      "chest": "2023-11-08 21:35:02 -0500"
    },
    "done": true
  },
  "create:recipes/building_blocks/small_granite_brick_wall_from_stone_types_granite_stonecutting": {
    "criteria": {
      "has_stone_types_granite": "2023-11-08 21:41:01 -0500"
    },
    "done": true
  },
  "enderio:recipes/misc/stick": {
    "criteria": {
      "has_ingredient": "2023-11-08 21:22:57 -0500"
    },
    "done": true
  },
  "rats:recipes/misc/rat_breeding_lantern": {
    "criteria": {
      "has_string": "2023-11-08 21:54:37 -0500"
    },
    "done": true
  },
  "lootr:root": {
    "criteria": {
      "always_true": "2023-11-08 21:21:29 -0500"
    },
    "done": true
  },
  "rats:recipes/misc/hammocks/rat_hammock_green": {
    "criteria": {
      "has_string": "2023-11-08 21:54:37 -0500"
    },
    "done": true
  },
  "supplementaries:recipes/speaker_block": {
    "criteria": {
      "minecraft:planks": "2023-11-08 21:23:25 -0500"
    },
    "done": true
  },
  "rats:recipes/misc/hammocks/rat_hammock_white": {
    "criteria": {
      "has_string": "2023-11-08 21:54:37 -0500"
    },
    "done": true
  },
  "rftoolsutility:recipes/rftoolsutility/screen_link": {
    "criteria": {
      "redstone": "2023-11-08 21:41:09 -0500"
    },
    "done": true
  },
  "handcrafted:recipes/misc/fox_trophy": {
    "criteria": {
      "has_fox_trophy": "2023-11-08 21:23:25 -0500"
    },
    "done": true
  },
  "rats:recipes/misc/upgrades/crafting_upgrade": {
    "criteria": {
      "has_planks": "2023-11-08 21:23:25 -0500"
    },
    "done": true
  },
  "rats:recipes/misc/upgrades/replanter_upgrade": {
    "criteria": {
      "has_seeds": "2023-11-08 21:32:47 -0500"
    },
    "done": true
  },
  "minecraft:husbandry/root": {
    "criteria": {
      "consumed_item": "2023-11-08 21:34:06 -0500"
    },
    "done": true
  },
  "create:recipes/building_blocks/cut_granite_bricks_from_stone_types_granite_stonecutting": {
    "criteria": {
      "has_stone_types_granite": "2023-11-08 21:41:01 -0500"
    },
    "done": true
  },
  "minecraft:recipes/transportation/birch_boat": {
    "criteria": {
      "in_water": "2023-11-08 21:29:42 -0500"
    },
    "done": true
  },
  "regions_unexplored:recipes/redstone/blackwood_pressure_plate": {
    "criteria": {
      "has_blackwood_planks": "2023-11-08 21:23:26 -0500"
    },
    "done": true
  },
  "minecraft:recipes/transportation/cherry_chest_boat": {
    "criteria": {
      "has_boat": "2023-11-08 21:41:25 -0500"
    },
    "done": true
  },
  "minecraft:recipes/transportation/birch_chest_boat": {
    "criteria": {
      "has_boat": "2023-11-08 21:41:25 -0500"
    },
    "done": true
  },
  "minecraft:recipes/transportation/oak_boat": {
    "criteria": {
      "in_water": "2023-11-08 21:29:42 -0500"
    },
    "done": true
  },
  "regions_unexplored:recipes/redstone/blackwood_fence_gate": {
    "criteria": {
      "has_blackwood_planks": "2023-11-08 21:23:25 -0500"
    },
    "done": true
  },
  "rftoolsstorage:recipes/rftoolsstorage/storage_module0": {
    "criteria": {
      "redstone": "2023-11-08 21:41:09 -0500"
    },
    "done": true
  },
  "aquaculture:recipes/misc/tin_can_to_iron_nugget_from_blasting": {
    "criteria": {
      "has_items": "2023-11-08 21:21:29 -0500"
    },
    "done": true
  },
  "minecraft:recipes/building_blocks/coal_block": {
    "criteria": {
      "has_coal": "2023-11-08 21:39:47 -0500"
    },
    "done": true
  },
  "handcrafted:recipes/misc/tropical_fish_trophy": {
    "criteria": {
      "has_tropical_fish_trophy": "2023-11-08 21:23:25 -0500"
    },
    "done": true
  },
  "biomesoplenty:recipes/transportation/dead_chest_boat": {
    "criteria": {
      "has_boat": "2023-11-08 21:41:25 -0500"
    },
    "done": true
  },
  "regions_unexplored:recipes/transportation/joshua_chest_boat": {
    "criteria": {
      "has_boat": "2023-11-08 21:41:25 -0500"
    },
    "done": true
  },
  "aether_redux:recipes/transportation/fieldsprout_boat": {
    "criteria": {
      "in_water": "2023-11-08 21:29:42 -0500"
    },
    "done": true
  },
  "minecraft:recipes/redstone/oak_button": {
    "criteria": {
      "has_planks": "2023-11-08 22:03:39 -0500"
    },
    "done": true
  },
  "minecraft:recipes/decorations/dark_oak_fence": {
    "criteria": {
      "has_planks": "2023-11-08 21:26:30 -0500"
    },
    "done": true
  },
  "aether:recipes/tools/wooden_axe_repairing": {
    "criteria": {
      "has_wooden_axe": "2023-11-08 21:35:47 -0500"
    },
    "done": true
  },
  "handcrafted:recipes/misc/oak_pillar_trim": {
    "criteria": {
      "has_oak_pillar_trim": "2023-11-08 22:03:39 -0500"
    },
    "done": true
  },
  "shrink:recipes/tools/shrinking_device": {
    "criteria": {
      "has_enderpearls": "2023-11-08 21:35:47 -0500"
    },
    "done": true
  },
  "minecraft:recipes/decorations/torch": {
    "criteria": {
      "has_stone_pickaxe": "2023-11-08 21:31:32 -0500"
    },
    "done": true
  },
  "supplementaries:recipes/flags/flag_blue": {
    "criteria": {
      "has_stick": "2023-11-08 21:23:52 -0500"
    },
    "done": true
  },
  "forbidden_arcanus:recipes/tools/wooden_blacksmith_gavel": {
    "criteria": {
      "has_planks": "2023-11-08 21:23:25 -0500"
    },
    "done": true
  },
  "aether_redux:recipes/transportation/cloudcap_boat": {
    "criteria": {
      "in_water": "2023-11-08 21:29:42 -0500"
    },
    "done": true
  },
  "minecraft:recipes/building_blocks/dark_oak_planks": {
    "criteria": {
      "has_log": "2023-11-08 21:24:31 -0500"
    },
    "done": true
  },
  "additionallanterns:recipes/misc/cobblestone_chain": {
    "criteria": {
      "recipe_condition": "2023-11-08 21:29:50 -0500"
    },
    "done": true
  },
  "regions_unexplored:recipes/building_blocks/pink_painted_planks": {
    "criteria": {
      "has_planks": "2023-11-08 21:23:25 -0500"
    },
    "done": true
  },
  "regions_unexplored:recipes/transportation/cypress_chest_boat": {
    "criteria": {
      "has_boat": "2023-11-08 21:41:25 -0500"
    },
    "done": true
  },
  "regions_unexplored:recipes/building_blocks/blackwood_wood": {
    "criteria": {
      "has_log": "2023-11-08 21:22:57 -0500"
    },
    "done": true
  },
  "handcrafted:recipes/misc/pufferfish_trophy": {
    "criteria": {
      "has_pufferfish_trophy": "2023-11-08 21:23:25 -0500"
    },
    "done": true
  },
  "aquaculture:recipes/aquaculture/redstone_hook": {
    "criteria": {
      "has_items": "2023-11-08 21:21:29 -0500"
    },
    "done": true
  },
  "supplementaries:recipes/daub_frame": {
    "criteria": {
      "forge:rods/wooden": "2023-11-08 21:23:52 -0500"
    },
    "done": true
  },
  "supplementaries:recipes/key": {
    "criteria": {
      "has_gold_ingot": "2023-11-08 21:54:35 -0500"
    },
    "done": true
  },
  "regions_unexplored:recipes/transportation/mauve_boat": {
    "criteria": {
      "in_water": "2023-11-08 21:29:42 -0500"
    },
    "done": true
  },
  "computercraft:recipes/redstone/computer_normal": {
    "criteria": {
      "has_redstone": "2023-11-08 21:41:09 -0500"
    },
    "done": true
  },
  "xnet:recipes/xnet/advanced_connector_red": {
    "criteria": {
      "chest": "2023-11-08 21:35:02 -0500"
    },
    "done": true
  },
  "regions_unexplored:recipes/transportation/redwood_boat": {
    "criteria": {
      "in_water": "2023-11-08 21:29:42 -0500"
    },
    "done": true
  },
  "aquaculture:recipes/misc/gold_nugget_from_blasting": {
    "criteria": {
      "has_fishing_rod": "2023-11-08 21:21:29 -0500",
      "has_fillet_knife": "2023-11-08 21:21:29 -0500"
    },
    "done": true
  },
  "farmersdelight:recipes/cooking/beef_stew": {
    "criteria": {
      "has_any_ingredient": "2023-11-08 21:41:04 -0500"
    },
    "done": true
  },
  "aquaculture:recipes/aquaculture/bobber": {
    "criteria": {
      "has_items": "2023-11-08 21:21:29 -0500"
    },
    "done": true
  },
  "trashcans:recipes/misc/item_trash_can": {
    "criteria": {
      "recipe_condition": "2023-11-08 21:35:02 -0500"
    },
    "done": true
  },
  "georenouveau:recipes/misc/emerald_geore_dowsing_rod": {
    "criteria": {
      "has_ore": "2023-11-08 21:42:34 -0500"
    },
    "done": true
  },
  "biomesoplenty:recipes/transportation/mahogany_boat": {
    "criteria": {
      "in_water": "2023-11-08 21:29:42 -0500"
    },
    "done": true
  },
  "aquaculture:recipes/misc/gold_nugget_from_gold_fish": {
    "criteria": {
      "has_items": "2023-11-08 21:21:29 -0500"
    },
    "done": true
  },
  "aquaculture:recipes/food/cooked_fish_fillet_from_smoking": {
    "criteria": {
      "has_items": "2023-11-08 21:21:29 -0500"
    },
    "done": true
  },
  "minecraft:recipes/building_blocks/dark_oak_wood": {
    "criteria": {
      "has_log": "2023-11-08 21:24:31 -0500"
    },
    "done": true
  },
  "farmersdelight:main/root": {
    "criteria": {
      "seeds": "2023-11-08 21:21:29 -0500"
    },
    "done": true
  },
  "regions_unexplored:recipes/building_blocks/magenta_painted_planks": {
    "criteria": {
      "has_planks": "2023-11-08 21:23:25 -0500"
    },
    "done": true
  },
  "utilitix:recipes/misc/tiny_coal_to_tiny": {
    "criteria": {
      "criterion0": "2023-11-08 21:39:47 -0500"
    },
    "done": true
  },
  "create:recipes/building_blocks/cut_granite_stairs_from_stone_types_granite_stonecutting": {
    "criteria": {
      "has_stone_types_granite": "2023-11-08 21:41:01 -0500"
    },
    "done": true
  },
  "create:recipes/misc/crafting/logistics/powered_toggle_latch": {
    "criteria": {
      "has_item": "2023-11-08 21:41:09 -0500"
    },
    "done": true
  },
  "aquaculture:recipes/food/cooked_fish_fillet": {
    "criteria": {
      "has_items": "2023-11-08 21:21:29 -0500"
    },
    "done": true
  },
  "regions_unexplored:recipes/redstone/blackwood_door": {
    "criteria": {
      "has_blackwood_planks": "2023-11-08 21:23:25 -0500"
    },
    "done": true
  },
  "create:recipes/building_blocks/small_granite_bricks_from_stone_types_granite_stonecutting": {
    "criteria": {
      "has_stone_types_granite": "2023-11-08 21:41:01 -0500"
    },
    "done": true
  },
  "entangled:recipes/misc/block": {
    "criteria": {
      "recipe_condition": "2023-11-08 21:35:47 -0500"
    },
    "done": true
  },
  "aether:recipes/combat/golden_gloves": {
    "criteria": {
      "has_gold": "2023-11-08 21:54:35 -0500"
    },
    "done": true
  },
  "statues:root": {
    "criteria": {
      "core": "2023-11-08 21:21:29 -0500"
    },
    "done": true
  },
  "rats:recipes/misc/hammocks/rat_hammock_yellow": {
    "criteria": {
      "has_string": "2023-11-08 21:54:37 -0500"
    },
    "done": true
  },
  "supplementaries:recipes/flags/flag_yellow": {
    "criteria": {
      "has_stick": "2023-11-08 21:23:52 -0500"
    },
    "done": true
  },
  "aether:recipes/decorations/skyroot_chest": {
    "criteria": {
      "has_lots_of_items": "2023-11-08 21:26:59 -0500"
    },
    "done": true
  },
  "advancedperipherals:recipes/redstone/ar_goggles": {
    "criteria": {
      "has_item": "2023-11-08 21:23:52 -0500"
    },
    "done": true
  },
  "entangled:recipes/misc/item": {
    "criteria": {
      "recipe_condition": "2023-11-08 21:35:47 -0500"
    },
    "done": true
  },
  "twigs:recipes/stick_from_twig": {
    "criteria": {
      "has_item": "2023-11-08 21:26:59 -0500"
    },
    "done": true
  },
  "supplementaries:recipes/flags/flag_light_gray": {
    "criteria": {
      "has_stick": "2023-11-08 21:23:52 -0500"
    },
    "done": true
  },
  "rats:recipes/building_blocks/marbled_cheese_dirt": {
    "criteria": {
      "has_dirt": "2023-11-08 21:34:27 -0500"
    },
    "done": true
  },
  "minecraft:recipes/building_blocks/white_wool_from_string": {
    "criteria": {
      "has_string": "2023-11-08 21:54:37 -0500"
    },
    "done": true
  },
  "rats:recipes/misc/gem_of_ratlantis": {
    "criteria": {
      "has_emerald": "2023-11-08 21:42:34 -0500"
    },
    "done": true
  },
  "handcrafted:recipes/misc/oak_side_table": {
    "criteria": {
      "has_oak_side_table": "2023-11-08 22:03:39 -0500"
    },
    "done": true
  },
  "rats:recipes/misc/hammocks/rat_hammock_pink": {
    "criteria": {
      "has_string": "2023-11-08 21:54:37 -0500"
    },
    "done": true
  },
  "create:recipes/building_blocks/oak_window": {
    "criteria": {
      "has_ingredient": "2023-11-08 22:03:39 -0500"
    },
    "done": true
  },
  "minecraft:recipes/misc/iron_nugget_from_blasting": {
    "criteria": {
      "has_iron_pickaxe": "2023-11-08 21:35:47 -0500"
    },
    "done": true
  },
  "rats:recipes/misc/upgrades/advanced_energy_upgrade": {
    "criteria": {
      "has_gold": "2023-11-08 21:54:35 -0500"
    },
    "done": true
  },
  "minecraft:adventure/adventuring_time": {
    "criteria": {
      "minecraft:beach": "2023-11-08 21:49:57 -0500",
      "minecraft:lukewarm_ocean": "2023-11-08 21:54:19 -0500",
      "minecraft:river": "2023-11-08 21:33:23 -0500",
      "minecraft:forest": "2023-11-08 21:51:32 -0500",
      "minecraft:jungle": "2023-11-08 21:59:09 -0500",
      "minecraft:ocean": "2023-11-08 21:48:51 -0500",
      "minecraft:windswept_savanna": "2023-11-08 21:51:06 -0500",
      "minecraft:old_growth_birch_forest": "2023-11-08 21:49:29 -0500",
      "minecraft:savanna": "2023-11-08 21:56:58 -0500"
    },
    "done": false
  },
  "aether:recipes/tools/stone_axe_repairing": {
    "criteria": {
      "has_stone_axe": "2023-11-08 21:31:40 -0500"
    },
    "done": true
  },
  "supplementaries:recipes/pulley": {
    "criteria": {
      "minecraft:planks": "2023-11-08 21:23:25 -0500"
    },
    "done": true
  },
  "biomesoplenty:recipes/transportation/mahogany_chest_boat": {
    "criteria": {
      "has_boat": "2023-11-08 21:41:25 -0500"
    },
    "done": true
  },
  "minecraft:recipes/building_blocks/cobblestone_stairs_from_cobblestone_stonecutting": {
    "criteria": {
      "has_cobblestone": "2023-11-08 21:29:50 -0500"
    },
    "done": true
  },
  "regions_unexplored:recipes/building_blocks/blackwood_planks": {
    "criteria": {
      "has_logs": "2023-11-08 21:22:57 -0500"
    },
    "done": true
  },
  "xnet:recipes/xnet/connector_red": {
    "criteria": {
      "chest": "2023-11-08 21:35:02 -0500"
    },
    "done": true
  },
  "farmersdelight:recipes/decorations/cutting_board": {
    "criteria": {
      "has_stick": "2023-11-08 21:23:52 -0500"
    },
    "done": true
  },
  "aquaculture:recipes/misc/neptunium_ingot_from_nuggets": {
    "criteria": {
      "has_items": "2023-11-08 21:21:29 -0500"
    },
    "done": true
  },
  "beautify:trellis": {
    "criteria": {
      "requirement": "2023-11-08 21:23:52 -0500"
    },
    "done": true
  },
  "occultism:occultism/root": {
    "criteria": {
      "occultism_present": "2023-11-08 21:21:29 -0500"
    },
    "done": true
  },
  "aether:recipes/transportation/skyroot_chest_boat": {
    "criteria": {
      "has_boat": "2023-11-08 21:41:25 -0500"
    },
    "done": true
  },
  "minecraft:recipes/tools/stone_hoe": {
    "criteria": {
      "has_cobblestone": "2023-11-08 21:29:50 -0500"
    },
    "done": true
  },
  "aquaculture:recipes/misc/iron_nugget_from_blasting": {
    "criteria": {
      "has_fishing_rod": "2023-11-08 21:21:29 -0500",
      "has_fillet_knife": "2023-11-08 21:21:29 -0500"
    },
    "done": true
  },
  "regions_unexplored:recipes/transportation/willow_boat": {
    "criteria": {
      "in_water": "2023-11-08 21:29:42 -0500"
    },
    "done": true
  },
  "particlemimicry:recipes/redstone/particle_emitter": {
    "criteria": {
      "has_redstone_dust": "2023-11-08 21:41:09 -0500"
    },
    "done": true
  },
  "minecraft:recipes/decorations/loom": {
    "criteria": {
      "has_string": "2023-11-08 21:54:37 -0500"
    },
    "done": true
  },
  "itemcollectors:recipes/misc/basic_collector": {
    "criteria": {
      "recipe_condition": "2023-11-08 21:35:47 -0500"
    },
    "done": true
  },
  "minecraft:recipes/decorations/scaffolding": {
    "criteria": {
      "has_bamboo": "2023-11-08 22:09:13 -0500"
    },
    "done": true
  },
  "buildinggadgets2:recipes/misc/gadget_copy_paste": {
    "criteria": {
      "has_emerald": "2023-11-08 21:42:34 -0500"
    },
    "done": true
  },
  "minecraft:story/root": {
    "criteria": {
      "crafting_table": "2023-11-08 21:23:29 -0500"
    },
    "done": true
  },
  "supplementaries:recipes/flags/flag_lime": {
    "criteria": {
      "has_stick": "2023-11-08 21:23:52 -0500"
    },
    "done": true
  },
  "aquaculture:recipes/decorations/jungle_fish_mount": {
    "criteria": {
      "has_items": "2023-11-08 21:21:29 -0500"
    },
    "done": true
  },
  "handcrafted:recipes/misc/dark_oak_pillar_trim": {
    "criteria": {
      "has_dark_oak_pillar_trim": "2023-11-08 21:26:30 -0500"
    },
    "done": true
  },
  "minecraft:recipes/combat/golden_leggings": {
    "criteria": {
      "has_gold_ingot": "2023-11-08 21:54:35 -0500"
    },
    "done": true
  },
  "xnet:recipes/xnet/connector_yellow": {
    "criteria": {
      "chest": "2023-11-08 21:35:02 -0500"
    },
    "done": true
  },
  "DataVersion": 3465
}